Табельный номер,ФИО,Пол,Год рождения,Год начала работы в компании,Подразделение,Должность,Оклад,Количество выполненных проектов
893,Степанов Сергей Викторович,муж.,1999,2017,Отдел охраны труда,Секретарь,21992,11
971,Николаева Юлия Данииловна,жен.,1991,2021,Служба управления персоналом,Офис-менержер,24358,13
1026,Петров Андрей Николаевич,муж.,1992,2016,Служба упревления персоналом,Офис-менержер,45226,23
1131,Воронцова Анастасия Александровна,жен.,1982,2015,Секретариат,Менеджер,30533,11
960,Степанов Николай Денисович,муж.,1989,2019,Планово-экономический отдел,Заместитель директора,44361,23
1458,Романова Юлия Петровна,жен.,1976,2021,Юридическая служба,Руководитель,59051,24
806,Петров Семен Петрович,муж.,1976,2018,Служба управления персоналом,Главный инженер,64689,2
1496,Макеева Юлия Викторовна,жен.,1987,2022,Служба делопроизводства,Начальник,41956,19
719,Воробьев Андрей Андреевич,муж.,1990,2017,Бухгалтерия,Офис-менержер,53648,19
355,Кольцова Лариса Викторовна,жен.,1988,2019,Бухгалтерия,Инженер,58511,2
722,Викторов Петр Львович,муж.,1996,2016,Юридическая служба,Офис-менержер,38665,26
667,Макеева Дарья Николаевна,жен.,1988,2021,Отдел кадров,Инженер,63798,24
755,Романов Сергей Николаевич,муж.,1983,2016,Склады готовой продукции и материалов,Заместитель директора,35890,29
730,Петрова Анастасия Владимировна,жен.,1978,2020,Служба стандартизации,Директор,21004,21
1079,Викторов Семен Никитич,муж.,1993,2016,Отдел охраны труда,Начальник,21744,17
788,Макеева Анна Николаевна,жен.,1980,2022,Бухгалтерия,Начальник,60243,23
838,Иванов Сергей Александрович,муж.,1970,2021,Секретариат,Руководитель,37662,2
872,Николаева Алена Андреевна,жен.,1974,2021,Юридическая служба,Секретарь,53230,27
1247,Романов Андрей Сергеевич,муж.,1987,2015,Служба управления персоналом,Менеджер,31725,22
5,Романова Юлия Владимировна,жен.,1999,2017,Канцелярия,Инженер,30766,2
475,Макеев Сергей Николаевич,муж.,1990,2017,Служба стандартизации,Руководитель,24485,14
642,Макеева Маргарита Григорьевна,жен.,1974,2020,Служба упревления персоналом,Менеджер,20625,26
1257,Лукин Петр Владимирович,муж.,1976,2018,Планово-экономический отдел,Менеджер,34821,23
833,Сатдинова Анна Николаевна,жен.,2000,2020,Отдел организации труда,Руководитель,28287,26
879,Степанов Андрей Викторович,муж.,1993,2022,Служба управления персоналом,Главный инженер,30694,18
1177,Макеева Елизовета Александровна,жен.,1997,2020,Служба упревления персоналом,Руководитель,34803,7
150,Воронцов Александр Денисович,муж.,1994,2022,Служба управления персоналом,Менеджер,57035,27
860,Романова Юлия Ивановна,жен.,1978,2015,Служба делопроизводства,Офис-менержер,50762,12
1293,Смирнов Сергей Николаевич,муж.,1981,2015,Вычислительный центр,Директор,32230,9
1266,Кольцова Анна Владимировна,жен.,1982,2019,Служба стандартизации,Менеджер,26274,2
819,Лукин Андрей Сергеевич,муж.,1982,2015,Юридическая служба,Инженер,38093,28
1412,Иванова Анна Петровна,жен.,1968,2015,Служба делопроизводства,Главный инженер,56344,20
246,Лукин Григорий Владимирович,муж.,2000,2020,Отдел внешнеэкономических связей,Офис-менержер,20968,19
745,Петрова Ольга Данииловна,жен.,1969,2015,Служба упревления персоналом,Офис-менержер,28733,22
676,Макеев Никита Сергеевич,муж.,1979,2021,Служба безопасности,Главный инженер,24513,5
660,Макеева Елизовета Петровна,жен.,1986,2018,Служба управления персоналом,Офис-менержер,30735,25
353,Лукин Степан Николаевич,муж.,1973,2021,Служба стандартизации,Инженер,35374,29
466,Викторова Светлана Петровна,жен.,1977,2022,Отдел кадров,Заместитель директора,48038,3
228,Лукин Максим Викторович,муж.,1993,2020,Служба делопроизводства,Главный инженер,45466,17
1195,Романова Алена Петровна,жен.,1985,2022,Служба управления персоналом,Директор,20569,26
420,Смирнов Степан Денисович,муж.,1982,2022,Склады готовой продукции и материалов,Заместитель директора,35405,14
933,Воронцова Маргарита Николаевна,жен.,2000,2018,Служба делопроизводства,Руководитель,50087,17
332,Воронцов Никита Андреевич,муж.,1976,2016,Планово-экономический отдел,Инженер,54608,30
1150,Викторова Ольга Викторовна,жен.,1988,2017,Отдел организации труда,Руководитель,31365,16
1303,Викторов Сергей Денисович,муж.,1967,2021,Служба упревления персоналом,Секретарь,36198,9
666,Иванова Маргарита Олеговна,жен.,1967,2017,Отдел кадров,Директор,33084,1
664,Степанов Григорий Денисович,муж.,1999,2019,Отдел внешнеэкономических связей,Начальник,45238,22
213,Макеева Ольга Николаевна,жен.,1986,2015,Отдел охраны труда,Заместитель директора,36749,20
783,Романов Степан Никитич,муж.,1976,2019,Служба безопасности,Руководитель,30965,14
1279,Иванова Елизовета Викторовна,жен.,1994,2015,Служба упревления персоналом,Инженер,24579,3
748,Воробьев Андрей Никитич,муж.,1974,2018,Служба управления персоналом,Офис-менержер,43279,15
931,Романова Юлия Ивановна,жен.,1992,2016,Служба стандартизации,Директор,30820,3
639,Петров Григорий Викторович,муж.,1968,2019,Финансовое подразделение,Менеджер,29411,15
1449,Петрова Анастасия Ивановна,жен.,1973,2020,Склады готовой продукции и материалов,Начальник,53262,20
125,Макеев Семен Дмитриевич,муж.,1974,2016,Служба стандартизации,Директор,33506,30
266,Кольцова Татьяна Александровна,жен.,1984,2016,Отдел охраны труда,Офис-менержер,30806,17
1316,Петров Александр Андреевич,муж.,1971,2015,Канцелярия,Секретарь,35835,3
1271,Кольцова Татьяна Данииловна,жен.,1984,2021,Служба делопроизводства,Руководитель,54301,12
435,Петров Андрей Сергеевич,муж.,1995,2016,Канцелярия,Главный инженер,22457,10
1388,Ямщикова Анастасия Данииловна,жен.,1999,2018,Отдел организации труда,Руководитель,46815,14
701,Иванов Сергей Львович,муж.,1967,2021,Канцелярия,Инженер,61336,29
1473,Макеева Елизовета Петровна,жен.,1986,2016,Вычислительный центр,Главный инженер,53753,30
1123,Романов Максим Андреевич,муж.,1994,2021,Служба управления персоналом,Руководитель,58060,12
924,Смирнова Лариса Андреевна,жен.,1979,2022,Служба делопроизводства,Инженер,54084,14
683,Смирнов Александр Николаевич,муж.,1989,2020,Юридическая служба,Начальник,38352,23
507,Кольцова Светлана Александровна,жен.,1975,2016,Планово-экономический отдел,Секретарь,59323,29
238,Романов Петр Никитич,муж.,1984,2017,Служба безопасности,Заместитель директора,28936,18
1239,Сатдинова Анна Викторовна,жен.,1978,2016,Бухгалтерия,Руководитель,50404,5
961,Лукин Семен Львович,муж.,1992,2017,Служба управления персоналом,Руководитель,29779,28
1027,Иванова Маргарита Андреевна,жен.,1993,2022,Служба делопроизводства,Руководитель,51769,12
314,Макеев Семен Владимирович,муж.,1973,2019,Служба управления персоналом,Офис-менержер,27874,26
203,Макеева Алена Владимировна,жен.,1971,2018,Склады готовой продукции и материалов,Менеджер,32000,22
337,Смирнов Андрей Александрович,муж.,1992,2019,Отдел кадров,Офис-менержер,36845,9
446,Викторова Ольга Андреевна,жен.,1971,2017,Финансовое подразделение,Секретарь,38165,17
789,Макеев Семен Николаевич,муж.,1991,2020,Отдел организации труда,Секретарь,50947,19
329,Кольцова Юлия Николаевна,жен.,1984,2018,Юридическая служба,Заместитель директора,37210,20
1491,Степанов Сергей Петрович,муж.,1999,2016,Планово-экономический отдел,Менеджер,55542,23
827,Викторова Татьяна Владимировна,жен.,1987,2018,Служба управления персоналом,Офис-менержер,59656,14
214,Степанов Николай Львович,муж.,1974,2021,Служба упревления персоналом,Руководитель,48667,20
1322,Викторова Лариса Сергеевна,жен.,1998,2019,Канцелярия,Заместитель директора,20008,3
102,Воробьев Петр Никитич,муж.,1995,2022,Отдел кадров,Руководитель,38354,3
16,Романова Елизовета Сергеевна,жен.,1974,2021,Финансовое подразделение,Начальник,45696,9
885,Воронцов Петр Андреевич,муж.,1984,2020,Служба управления персоналом,Руководитель,53497,23
486,Смирнова Анастасия Петровна,жен.,1974,2021,Отдел кадров,Менеджер,42302,9
1418,Петров Петр Сергеевич,муж.,1988,2017,Отдел внешнеэкономических связей,Заместитель директора,22600,20
1431,Романова Татьяна Петровна,жен.,1993,2021,Склады готовой продукции и материалов,Руководитель,45230,28
56,Воробьев Александр Николаевич,муж.,1998,2021,Служба стандартизации,Начальник,43020,27
1067,Романова Татьяна Сергеевна,жен.,1978,2018,Бухгалтерия,Офис-менержер,20795,5
635,Петров Сергей Николаевич,муж.,1981,2016,Канцелярия,Главный инженер,50965,21
129,Николаева Татьяна Владимировна,жен.,1995,2020,Секретариат,Офис-менержер,58938,10
280,Иванов Григорий Сергеевич,муж.,1993,2020,Отдел внешнеэкономических связей,Инженер,22793,19
945,Иванова Ольга Николаевна,жен.,1974,2017,Служба управления персоналом,Руководитель,44559,1
301,Воробьев Максим Петрович,муж.,2000,2016,Планово-экономический отдел,Менеджер,28803,29
630,Кольцова Дарья Викторовна,жен.,1970,2019,Финансовое подразделение,Офис-менержер,45654,25
857,Степанов Максим Денисович,муж.,1972,2017,Планово-экономический отдел,Инженер,27868,7
1008,Ямщикова Елизовета Григорьевна,жен.,1986,2022,Склады готовой продукции и материалов,Менеджер,55619,23
1467,Иванов Александр Сергеевич,муж.,1998,2018,Служба упревления персоналом,Инженер,32216,22
720,Кольцова Дарья Сергеевна,жен.,1992,2015,Отдел охраны труда,Офис-менержер,42232,6
399,Воробьев Петр Владимирович,муж.,1975,2015,Планово-экономический отдел,Инженер,28736,14
517,Сатдинова Светлана Андреевна,жен.,1999,2020,Канцелярия,Инженер,47183,28
672,Викторов Григорий Дмитриевич,муж.,1985,2022,Служба безопасности,Главный инженер,33125,28
1479,Романова Лариса Николаевна,жен.,1992,2016,Склады готовой продукции и материалов,Офис-менержер,41688,19
281,Романов Андрей Николаевич,муж.,1996,2019,Отдел организации труда,Офис-менержер,60413,3
175,Петрова Ольга Андреевна,жен.,1993,2020,Канцелярия,Секретарь,22333,18
550,Лукин Максим Дмитриевич,муж.,1996,2018,Склады готовой продукции и материалов,Менеджер,37053,12
843,Иванова Светлана Ивановна,жен.,1973,2015,Планово-экономический отдел,Заместитель директора,63426,17
1043,Петров Семен Николаевич,муж.,1967,2020,Юридическая служба,Инженер,34273,14
694,Николаева Лариса Данииловна,жен.,1991,2020,Служба управления персоналом,Руководитель,48363,21
1323,Иванов Андрей Львович,муж.,1973,2018,Служба упревления персоналом,Инженер,20515,19
1272,Макеева Елизовета Николаевна,жен.,1969,2017,Отдел охраны труда,Начальник,62210,19
1196,Смирнов Сергей Дмитриевич,муж.,1987,2019,Вычислительный центр,Офис-менержер,44705,12
792,Петрова Светлана Олеговна,жен.,1978,2017,Отдел внешнеэкономических связей,Инженер,62367,12
1450,Иванов Семен Никитич,муж.,1982,2017,Отдел кадров,Руководитель,61384,23
296,Макеева Светлана Петровна,жен.,1982,2015,Отдел внешнеэкономических связей,Секретарь,22743,7
1126,Петров Степан Андреевич,муж.,1968,2017,Отдел охраны труда,Главный инженер,24298,20
126,Кольцова Анна Петровна,жен.,1968,2020,Планово-экономический отдел,Начальник,48612,12
938,Иванов Николай Андреевич,муж.,1972,2015,Отдел внешнеэкономических связей,Менеджер,54020,8
1397,Викторова Татьяна Николаевна,жен.,1988,2016,Отдел охраны труда,Менеджер,52285,16
1009,Петров Максим Сергеевич,муж.,1971,2019,Отдел организации труда,Главный инженер,41213,26
159,Сатдинова Анна Александровна,жен.,1989,2018,Планово-экономический отдел,Главный инженер,22345,13
121,Воронцов Данил Владимирович,муж.,1980,2017,Служба упревления персоналом,Офис-менержер,46148,13
891,Викторова Дарья Николаевна,жен.,1994,2020,Отдел кадров,Директор,45483,7
1363,Макеев Сергей Денисович,муж.,2000,2021,Секретариат,Инженер,64034,24
1438,Сатдинова Ольга Николаевна,жен.,1987,2022,Отдел кадров,Заместитель директора,64538,21
490,Степанов Степан Николаевич,муж.,1988,2018,Вычислительный центр,Инженер,23718,19
1033,Воронцова Елизовета Данииловна,жен.,1979,2016,Отдел внешнеэкономических связей,Инженер,24338,25
116,Смирнов Семен Львович,муж.,1993,2016,Служба делопроизводства,Секретарь,24994,25
540,Макеева Ольга Григорьевна,жен.,1979,2018,Юридическая служба,Руководитель,38513,24
1234,Лукин Данил Денисович,муж.,1967,2018,Отдел внешнеэкономических связей,Главный инженер,28633,4
951,Викторова Ольга Петровна,жен.,1981,2017,Бухгалтерия,Секретарь,37875,22
518,Макеев Александр Денисович,муж.,1970,2022,Отдел организации труда,Заместитель директора,24945,11
1064,Романова Анастасия Григорьевна,жен.,1970,2016,Планово-экономический отдел,Менеджер,36426,1
803,Романов Степан Андреевич,муж.,1968,2015,Юридическая служба,Инженер,44485,13
948,Воронцова Алена Александровна,жен.,1967,2021,Канцелярия,Директор,27396,2
901,Романов Степан Петрович,муж.,1997,2019,Планово-экономический отдел,Главный инженер,47938,5
366,Иванова Светлана Григорьевна,жен.,1997,2020,Служба стандартизации,Руководитель,54467,21
746,Романов Максим Викторович,муж.,1989,2022,Служба безопасности,Офис-менержер,52132,9
607,Викторова Юлия Викторовна,жен.,1967,2020,Бухгалтерия,Руководитель,32876,10
1446,Викторов Григорий Сергеевич,муж.,1990,2021,Отдел организации труда,Менеджер,50676,1
1075,Петрова Елизовета Петровна,жен.,1984,2016,Отдел внешнеэкономических связей,Директор,26503,7
689,Романов Никита Викторович,муж.,1968,2019,Отдел охраны труда,Секретарь,21003,28
437,Смирнова Анна Григорьевна,жен.,1967,2020,Финансовое подразделение,Заместитель директора,25989,3
181,Иванов Степан Петрович,муж.,1981,2022,Служба безопасности,Инженер,49714,27
411,Николаева Алена Александровна,жен.,1974,2022,Финансовое подразделение,Менеджер,25418,6
611,Смирнов Никита Дмитриевич,муж.,1974,2018,Склады готовой продукции и материалов,Главный инженер,37696,7
1477,Иванова Анастасия Николаевна,жен.,1981,2020,Бухгалтерия,Офис-менержер,42070,3
1325,Смирнов Александр Александрович,муж.,1972,2021,Вычислительный центр,Менеджер,40627,30
949,Петрова Анна Данииловна,жен.,1986,2019,Служба безопасности,Руководитель,54700,27
651,Воробьев Григорий Дмитриевич,муж.,1976,2019,Отдел кадров,Офис-менержер,39132,11
306,Кольцова Ольга Данииловна,жен.,1970,2015,Планово-экономический отдел,Инженер,56835,30
501,Викторов Сергей Николаевич,муж.,1994,2015,Канцелярия,Главный инженер,46396,28
1436,Иванова Дарья Викторовна,жен.,1977,2020,Канцелярия,Главный инженер,40873,2
1090,Лукин Степан Никитич,муж.,1997,2015,Отдел охраны труда,Менеджер,27011,14
663,Николаева Татьяна Владимировна,жен.,1978,2021,Служба упревления персоналом,Начальник,33330,28
989,Петров Степан Львович,муж.,1991,2016,Склады готовой продукции и материалов,Заместитель директора,34529,5
1371,Романова Татьяна Андреевна,жен.,1982,2021,Вычислительный центр,Директор,20083,9
641,Иванов Николай Львович,муж.,1984,2019,Секретариат,Руководитель,51567,3
1439,Воронцова Дарья Олеговна,жен.,2000,2017,Канцелярия,Начальник,60573,17
1192,Макеев Сергей Львович,муж.,1999,2022,Служба стандартизации,Секретарь,43991,6
905,Иванова Светлана Данииловна,жен.,1985,2022,Отдел охраны труда,Директор,50477,14
339,Лукин Семен Львович,муж.,1986,2018,Отдел кадров,Офис-менержер,35919,1
675,Смирнова Алена Владимировна,жен.,1972,2022,Склады готовой продукции и материалов,Руководитель,49600,26
537,Воронцов Семен Петрович,муж.,1994,2021,Отдел охраны труда,Директор,47441,15
331,Иванова Ольга Олеговна,жен.,1989,2020,Служба упревления персоналом,Менеджер,46097,8
1421,Романов Никита Львович,муж.,1993,2016,Бухгалтерия,Офис-менержер,29880,5
336,Николаева Елизовета Сергеевна,жен.,1967,2019,Отдел организации труда,Менеджер,51739,29
542,Романов Данил Александрович,муж.,1968,2018,Отдел внешнеэкономических связей,Руководитель,42039,9
265,Воронцова Светлана Сергеевна,жен.,1998,2016,Служба стандартизации,Секретарь,36376,25
543,Воронцов Петр Петрович,муж.,1984,2022,Служба безопасности,Главный инженер,29681,11
1251,Петрова Елизовета Данииловна,жен.,1986,2020,Юридическая служба,Руководитель,47463,24
562,Лукин Николай Александрович,муж.,1987,2016,Отдел организации труда,Инженер,58824,12
1135,Романова Елизовета Андреевна,жен.,1997,2021,Отдел кадров,Руководитель,37667,30
340,Петров Александр Львович,муж.,1997,2015,Отдел кадров,Директор,36330,27
1352,Викторова Светлана Ивановна,жен.,1998,2021,Отдел кадров,Главный инженер,63508,22
251,Романов Степан Дмитриевич,муж.,1994,2016,Канцелярия,Заместитель директора,46645,12
555,Николаева Юлия Владимировна,жен.,1990,2022,Финансовое подразделение,Заместитель директора,20050,25
249,Викторов Максим Александрович,муж.,1991,2022,Юридическая служба,Руководитель,50759,14
88,Иванова Анна Данииловна,жен.,1970,2021,Юридическая служба,Руководитель,29180,27
1328,Воронцов Николай Викторович,муж.,1989,2015,Отдел кадров,Заместитель директора,53904,30
1408,Макеева Дарья Олеговна,жен.,1979,2021,Юридическая служба,Директор,40251,30
632,Иванов Петр Владимирович,муж.,1973,2021,Бухгалтерия,Главный инженер,50820,19
1143,Ямщикова Маргарита Григорьевна,жен.,1985,2022,Служба упревления персоналом,Офис-менержер,50652,1
147,Смирнов Петр Андреевич,муж.,1979,2017,Юридическая служба,Офис-менержер,57270,22
713,Иванова Светлана Андреевна,жен.,1971,2021,Канцелярия,Руководитель,61845,27
307,Степанов Петр Никитич,муж.,1994,2018,Финансовое подразделение,Главный инженер,35232,24
351,Николаева Дарья Николаевна,жен.,1984,2015,Канцелярия,Секретарь,30656,22
685,Воробьев Данил Николаевич,муж.,1985,2020,Служба управления персоналом,Офис-менержер,33036,29
804,Макеева Светлана Владимировна,жен.,1984,2017,Служба управления персоналом,Заместитель директора,49528,22
20,Викторов Семен Сергеевич,муж.,1984,2019,Юридическая служба,Офис-менержер,30109,26
514,Воронцова Маргарита Григорьевна,жен.,1967,2022,Канцелярия,Начальник,41214,17
836,Петров Петр Владимирович,муж.,1996,2021,Вычислительный центр,Заместитель директора,54188,12
1376,Николаева Ольга Викторовна,жен.,1982,2019,Служба упревления персоналом,Менеджер,30491,4
1189,Воробьев Петр Викторович,муж.,1989,2021,Служба упревления персоналом,Заместитель директора,42146,9
1091,Ямщикова Анастасия Николаевна,жен.,1978,2019,Служба упревления персоналом,Менеджер,39172,17
631,Воробьев Степан Дмитриевич,муж.,1976,2018,Отдел охраны труда,Менеджер,54788,11
185,Иванова Ольга Сергеевна,жен.,1998,2016,Служба стандартизации,Главный инженер,31485,12
1329,Смирнов Максим Львович,муж.,1970,2018,Служба управления персоналом,Главный инженер,51951,14
1273,Кольцова Татьяна Ивановна,жен.,1999,2022,Канцелярия,Секретарь,64798,14
112,Степанов Петр Николаевич,муж.,1997,2019,Служба безопасности,Секретарь,21430,8
731,Смирнова Юлия Сергеевна,жен.,1979,2018,Планово-экономический отдел,Главный инженер,62833,15
424,Петров Николай Денисович,муж.,1987,2022,Секретариат,Начальник,45612,7
980,Иванова Елизовета Владимировна,жен.,1979,2022,Служба делопроизводства,Главный инженер,51288,13
1393,Смирнов Никита Никитич,муж.,1979,2020,Секретариат,Заместитель директора,59481,18
165,Смирнова Алена Сергеевна,жен.,1986,2016,Служба безопасности,Руководитель,59840,5
300,Смирнов Григорий Львович,муж.,1996,2015,Склады готовой продукции и материалов,Главный инженер,46802,19
260,Иванова Анастасия Петровна,жен.,1985,2019,Канцелярия,Главный инженер,45440,14
513,Воронцов Александр Александрович,муж.,1986,2021,Вычислительный центр,Секретарь,45865,20
95,Смирнова Дарья Викторовна,жен.,1971,2016,Служба упревления персоналом,Офис-менержер,35886,21
780,Петров Максим Николаевич,муж.,1988,2017,Отдел охраны труда,Главный инженер,55619,30
777,Романова Лариса Александровна,жен.,1974,2022,Отдел внешнеэкономических связей,Офис-менержер,39467,21
754,Степанов Петр Дмитриевич,муж.,1979,2016,Служба управления персоналом,Менеджер,28535,29
445,Иванова Юлия Александровна,жен.,1994,2018,Секретариат,Секретарь,40107,24
594,Степанов Семен Никитич,муж.,1970,2017,Служба упревления персоналом,Директор,60441,22
874,Сатдинова Лариса Владимировна,жен.,1980,2015,Отдел организации труда,Главный инженер,30892,18
118,Степанов Петр Денисович,муж.,1993,2020,Склады готовой продукции и материалов,Секретарь,37616,8
1263,Викторова Маргарита Олеговна,жен.,1989,2015,Склады готовой продукции и материалов,Офис-менержер,28143,21
144,Воронцов Данил Денисович,муж.,1989,2020,Финансовое подразделение,Главный инженер,30095,28
640,Воронцова Елизовета Владимировна,жен.,1997,2016,Финансовое подразделение,Директор,51548,19
269,Викторов Андрей Петрович,муж.,1980,2018,Юридическая служба,Секретарь,37543,3
556,Иванова Анастасия Данииловна,жен.,1974,2022,Отдел организации труда,Инженер,43899,12
289,Воробьев Андрей Владимирович,муж.,1988,2016,Служба стандартизации,Офис-менержер,46944,26
396,Викторова Юлия Владимировна,жен.,1977,2015,Служба безопасности,Менеджер,45637,16
103,Воробьев Никита Андреевич,муж.,1973,2019,Служба стандартизации,Заместитель директора,44853,5
70,Сатдинова Лариса Григорьевна,жен.,1971,2021,Отдел охраны труда,Директор,39954,21
699,Степанов Никита Сергеевич,муж.,1989,2021,Склады готовой продукции и материалов,Начальник,40575,11
1216,Петрова Татьяна Данииловна,жен.,1987,2015,Служба безопасности,Менеджер,64153,8
918,Викторов Семен Андреевич,муж.,1969,2019,Служба управления персоналом,Менеджер,51066,21
268,Викторова Алена Андреевна,жен.,1993,2022,Канцелярия,Заместитель директора,61949,22
497,Лукин Семен Никитич,муж.,1996,2021,Склады готовой продукции и материалов,Руководитель,49284,14
1000,Ямщикова Елизовета Олеговна,жен.,1999,2017,Отдел кадров,Директор,34254,1
1017,Иванов Максим Сергеевич,муж.,1997,2015,Служба безопасности,Менеджер,40055,3
506,Петрова Маргарита Александровна,жен.,1969,2021,Служба безопасности,Секретарь,57873,21
1281,Лукин Данил Андреевич,муж.,1997,2015,Планово-экономический отдел,Директор,21858,5
535,Воронцова Лариса Викторовна,жен.,1997,2018,Вычислительный центр,Заместитель директора,30867,28
223,Воронцов Семен Никитич,муж.,1969,2019,Склады готовой продукции и материалов,Секретарь,56791,26
1283,Иванова Маргарита Олеговна,жен.,1975,2022,Служба безопасности,Менеджер,26061,8
1246,Иванов Сергей Дмитриевич,муж.,1988,2015,Финансовое подразделение,Заместитель директора,47952,26
377,Кольцова Елизовета Григорьевна,жен.,1973,2018,Бухгалтерия,Менеджер,45005,12
1155,Петров Семен Владимирович,муж.,1968,2019,Отдел организации труда,Заместитель директора,57878,19
1358,Смирнова Дарья Данииловна,жен.,2000,2020,Бухгалтерия,Директор,21796,2
1448,Викторов Сергей Викторович,муж.,1990,2015,Юридическая служба,Инженер,57367,28
1244,Иванова Юлия Викторовна,жен.,1999,2016,Секретариат,Менеджер,43082,12
278,Степанов Николай Николаевич,муж.,1970,2019,Юридическая служба,Начальник,35260,18
1106,Макеева Ольга Олеговна,жен.,1999,2020,Отдел кадров,Главный инженер,31093,5
680,Петров Александр Андреевич,муж.,1995,2019,Планово-экономический отдел,Секретарь,20142,3
97,Викторова Ольга Викторовна,жен.,1974,2017,Склады готовой продукции и материалов,Офис-менержер,54578,15
1169,Иванов Сергей Львович,муж.,1989,2015,Служба упревления персоналом,Офис-менержер,24197,17
1337,Кольцова Татьяна Сергеевна,жен.,1975,2017,Отдел внешнеэкономических связей,Инженер,34690,4
1415,Степанов Максим Львович,муж.,1977,2015,Служба безопасности,Руководитель,35213,7
160,Сатдинова Дарья Ивановна,жен.,1984,2019,Финансовое подразделение,Руководитель,29846,23
480,Викторов Григорий Петрович,муж.,1989,2018,Служба стандартизации,Главный инженер,51307,29
34,Макеева Анна Андреевна,жен.,1993,2018,Канцелярия,Секретарь,23250,12
527,Макеев Николай Дмитриевич,муж.,1985,2015,Склады готовой продукции и материалов,Менеджер,40379,15
1194,Воронцова Анастасия Данииловна,жен.,1986,2021,Отдел кадров,Директор,20352,30
257,Макеев Семен Денисович,муж.,1982,2017,Канцелярия,Начальник,24924,3
624,Николаева Анастасия Александровна,жен.,1967,2017,Служба делопроизводства,Секретарь,42912,16
128,Петров Никита Петрович,муж.,1968,2019,Служба делопроизводства,Заместитель директора,20314,13
77,Ямщикова Маргарита Сергеевна,жен.,1997,2021,Вычислительный центр,Заместитель директора,25528,28
652,Степанов Николай Викторович,муж.,1979,2015,Отдел кадров,Руководитель,27306,26
1041,Иванова Дарья Данииловна,жен.,1976,2017,Секретариат,Руководитель,56276,15
1333,Степанов Никита Викторович,муж.,1993,2020,Планово-экономический отдел,Менеджер,38851,26
890,Кольцова Анна Николаевна,жен.,1989,2018,Финансовое подразделение,Менеджер,50151,2
551,Смирнов Андрей Николаевич,муж.,1983,2015,Финансовое подразделение,Секретарь,46316,11
897,Петрова Татьяна Григорьевна,жен.,1995,2015,Служба стандартизации,Заместитель директора,62329,12
41,Петров Александр Никитич,муж.,1972,2019,Канцелярия,Менеджер,53121,28
212,Николаева Елизовета Сергеевна,жен.,1989,2017,Планово-экономический отдел,Заместитель директора,38664,17
1018,Воробьев Андрей Андреевич,муж.,1968,2020,Канцелярия,Секретарь,24272,18
402,Николаева Дарья Григорьевна,жен.,1997,2019,Канцелярия,Начальник,39368,25
456,Иванов Степан Никитич,муж.,1994,2021,Финансовое подразделение,Офис-менержер,27418,18
1082,Николаева Анастасия Сергеевна,жен.,1970,2022,Секретариат,Директор,35547,5
81,Воробьев Данил Никитич,муж.,1983,2017,Секретариат,Руководитель,48166,22
1420,Петрова Юлия Олеговна,жен.,1969,2017,Канцелярия,Заместитель директора,29151,26
1002,Смирнов Николай Львович,муж.,1973,2016,Бухгалтерия,Секретарь,47741,1
294,Романова Лариса Александровна,жен.,1977,2021,Вычислительный центр,Директор,41406,29
750,Романов Семен Александрович,муж.,1998,2021,Секретариат,Инженер,31862,18
468,Макеева Елизовета Петровна,жен.,1991,2019,Секретариат,Главный инженер,44460,8
530,Викторов Николай Денисович,муж.,1996,2021,Финансовое подразделение,Секретарь,38366,14
825,Ямщикова Ольга Петровна,жен.,1976,2021,Отдел кадров,Менеджер,21950,27
912,Романов Александр Александрович,муж.,1987,2018,Служба упревления персоналом,Начальник,51526,10
602,Сатдинова Юлия Александровна,жен.,1972,2015,Вычислительный центр,Офис-менержер,56982,16
1260,Романов Максим Андреевич,муж.,1981,2015,Финансовое подразделение,Главный инженер,35270,15
58,Сатдинова Лариса Данииловна,жен.,1968,2021,Финансовое подразделение,Главный инженер,33790,7
1361,Романов Никита Андреевич,муж.,1979,2019,Склады готовой продукции и материалов,Менеджер,24187,24
1310,Сатдинова Лариса Петровна,жен.,1989,2017,Отдел охраны труда,Секретарь,49105,23
1046,Петров Максим Петрович,муж.,1987,2019,Служба делопроизводства,Офис-менержер,22681,26
334,Романова Светлана Андреевна,жен.,1970,2022,Отдел охраны труда,Инженер,49739,8
729,Иванов Николай Львович,муж.,1969,2016,Отдел внешнеэкономических связей,Директор,61587,13
113,Петрова Ольга Викторовна,жен.,1999,2022,Отдел внешнеэкономических связей,Главный инженер,54132,21
1069,Лукин Григорий Дмитриевич,муж.,1975,2019,Отдел внешнеэкономических связей,Начальник,25986,24
247,Петрова Юлия Сергеевна,жен.,1994,2021,Отдел охраны труда,Главный инженер,30293,3
1183,Викторов Сергей Львович,муж.,1984,2020,Финансовое подразделение,Директор,48850,10
248,Викторова Анна Григорьевна,жен.,1988,2017,Вычислительный центр,Заместитель директора,43061,23
187,Смирнов Григорий Владимирович,муж.,1975,2017,Служба управления персоналом,Главный инженер,64721,18
4,Воронцова Елизовета Петровна,жен.,1974,2018,Финансовое подразделение,Директор,47210,24
472,Лукин Николай Денисович,муж.,1972,2016,Планово-экономический отдел,Начальник,45837,4
397,Николаева Лариса Данииловна,жен.,1969,2017,Отдел организации труда,Офис-менержер,21104,4
100,Смирнов Данил Викторович,муж.,1983,2020,Финансовое подразделение,Заместитель директора,29967,29
684,Николаева Анна Андреевна,жен.,1996,2022,Вычислительный центр,Начальник,29511,21
695,Воробьев Петр Викторович,муж.,1972,2015,Канцелярия,Начальник,60339,24
1111,Макеева Анна Викторовна,жен.,1999,2017,Вычислительный центр,Главный инженер,44272,26
1153,Воробьев Петр Николаевич,муж.,1997,2020,Отдел организации труда,Заместитель директора,50140,16
703,Петрова Елизовета Николаевна,жен.,2000,2021,Служба упревления персоналом,Инженер,35648,22
149,Смирнов Степан Денисович,муж.,1970,2018,Отдел внешнеэкономических связей,Директор,56707,15
1173,Смирнова Татьяна Олеговна,жен.,1986,2022,Отдел внешнеэкономических связей,Инженер,31622,16
822,Петров Сергей Петрович,муж.,1986,2018,Отдел кадров,Секретарь,62109,26
1347,Ямщикова Светлана Сергеевна,жен.,2000,2016,Канцелярия,Директор,39890,17
1061,Викторов Семен Викторович,муж.,1970,2021,Финансовое подразделение,Секретарь,25772,23
1462,Романова Ольга Григорьевна,жен.,1993,2020,Бухгалтерия,Офис-менержер,56380,28
178,Петров Никита Денисович,муж.,1990,2021,Финансовое подразделение,Менеджер,22862,15
287,Петрова Алена Александровна,жен.,1989,2018,Служба делопроизводства,Офис-менержер,59162,13
79,Петров Петр Александрович,муж.,1995,2016,Отдел организации труда,Офис-менержер,42981,4
867,Воронцова Маргарита Ивановна,жен.,1977,2017,Отдел охраны труда,Главный инженер,29891,10
1100,Макеев Александр Андреевич,муж.,1976,2022,Вычислительный центр,Руководитель,25247,18
1307,Николаева Татьяна Александровна,жен.,1998,2015,Отдел охраны труда,Руководитель,43464,27
1282,Воронцов Никита Сергеевич,муж.,1973,2022,Служба делопроизводства,Офис-менержер,42406,26
590,Романова Юлия Николаевна,жен.,1979,2022,Служба упревления персоналом,Директор,49760,3
625,Викторов Александр Львович,муж.,1996,2015,Отдел охраны труда,Менеджер,43026,15
1005,Петрова Анастасия Олеговна,жен.,1994,2018,Финансовое подразделение,Инженер,51849,11
109,Воробьев Николай Львович,муж.,1969,2020,Служба управления персоналом,Директор,61643,9
258,Воронцова Светлана Викторовна,жен.,1970,2017,Служба управления персоналом,Начальник,21987,26
1122,Иванов Александр Николаевич,муж.,1979,2018,Отдел организации труда,Директор,52435,6
793,Николаева Дарья Григорьевна,жен.,1984,2020,Склады готовой продукции и материалов,Менеджер,32373,18
1098,Смирнов Григорий Денисович,муж.,1985,2022,Финансовое подразделение,Секретарь,54844,25
756,Кольцова Анна Ивановна,жен.,1967,2016,Планово-экономический отдел,Менеджер,41420,15
1495,Смирнов Никита Никитич,муж.,1981,2015,Отдел охраны труда,Офис-менержер,41820,11
119,Викторова Алена Андреевна,жен.,1986,2017,Вычислительный центр,Руководитель,49149,21
44,Романов Григорий Львович,муж.,1996,2016,Секретариат,Главный инженер,43570,23
409,Сатдинова Анастасия Владимировна,жен.,1973,2018,Отдел кадров,Начальник,34967,15
1355,Петров Николай Петрович,муж.,1978,2020,Секретариат,Секретарь,64744,23
1161,Кольцова Анна Петровна,жен.,1972,2021,Служба упревления персоналом,Главный инженер,39661,25
1117,Воробьев Петр Николаевич,муж.,1995,2020,Служба упревления персоналом,Заместитель директора,63053,7
681,Петрова Юлия Владимировна,жен.,1986,2022,Секретариат,Начальник,39572,22
478,Воробьев Максим Дмитриевич,муж.,1986,2022,Служба безопасности,Менеджер,23378,7
903,Кольцова Анастасия Николаевна,жен.,1999,2015,Склады готовой продукции и материалов,Секретарь,43280,20
57,Воронцов Никита Николаевич,муж.,1990,2022,Планово-экономический отдел,Инженер,28833,21
902,Петрова Лариса Владимировна,жен.,1967,2018,Отдел организации труда,Начальник,54071,20
1059,Иванов Григорий Львович,муж.,1991,2016,Служба упревления персоналом,Директор,39243,15
388,Ямщикова Алена Андреевна,жен.,1973,2015,Служба упревления персоналом,Начальник,28806,30
1024,Иванов Андрей Владимирович,муж.,1997,2016,Служба управления персоналом,Руководитель,26345,16
812,Романова Маргарита Григорьевна,жен.,1972,2017,Вычислительный центр,Инженер,29027,27
1401,Романов Максим Андреевич,муж.,1968,2016,Отдел внешнеэкономических связей,Руководитель,59033,22
504,Романова Ольга Олеговна,жен.,1988,2015,Отдел организации труда,Офис-менержер,61226,23
1480,Степанов Максим Андреевич,муж.,1982,2018,Служба безопасности,Офис-менержер,62783,10
864,Воронцова Ольга Сергеевна,жен.,1974,2020,Секретариат,Главный инженер,52334,13
52,Степанов Семен Львович,муж.,1992,2016,Вычислительный центр,Руководитель,49468,15
208,Петрова Алена Ивановна,жен.,1991,2016,Бухгалтерия,Инженер,64821,19
442,Петров Александр Львович,муж.,1976,2016,Отдел внешнеэкономических связей,Секретарь,53578,3
1404,Викторова Дарья Петровна,жен.,1995,2021,Служба делопроизводства,Руководитель,40411,27
531,Смирнов Петр Никитич,муж.,1985,2019,Бухгалтерия,Заместитель директора,33119,4
99,Сатдинова Елизовета Андреевна,жен.,1974,2019,Юридическая служба,Главный инженер,63994,11
643,Романов Петр Владимирович,муж.,1977,2015,Служба упревления персоналом,Инженер,40325,4
458,Кольцова Дарья Сергеевна,жен.,1983,2019,Бухгалтерия,Руководитель,42884,13
1137,Романов Сергей Николаевич,муж.,1997,2020,Канцелярия,Начальник,34720,5
297,Воронцова Алена Петровна,жен.,1985,2021,Секретариат,Главный инженер,52735,18
957,Петров Григорий Денисович,муж.,1976,2019,Служба управления персоналом,Менеджер,63042,18
195,Кольцова Анастасия Сергеевна,жен.,1991,2021,Служба управления персоналом,Секретарь,35009,27
1442,Смирнов Сергей Сергеевич,муж.,1985,2017,Склады готовой продукции и материалов,Офис-менержер,52139,14
896,Кольцова Светлана Сергеевна,жен.,1994,2018,Служба стандартизации,Руководитель,64815,20
453,Макеев Максим Петрович,муж.,2000,2015,Финансовое подразделение,Директор,22605,3
954,Сатдинова Анна Александровна,жен.,1974,2019,Отдел организации труда,Секретарь,38304,28
888,Воронцов Семен Александрович,муж.,1998,2022,Служба безопасности,Начальник,43933,4
1199,Викторова Маргарита Андреевна,жен.,1973,2018,Отдел внешнеэкономических связей,Главный инженер,54793,14
1447,Иванов Данил Дмитриевич,муж.,1981,2019,Склады готовой продукции и материалов,Главный инженер,50909,14
1245,Романова Анна Викторовна,жен.,1990,2015,Секретариат,Офис-менержер,60684,5
1188,Макеев Александр Владимирович,муж.,1983,2019,Юридическая служба,Офис-менержер,34794,21
1249,Викторова Дарья Ивановна,жен.,1975,2015,Секретариат,Главный инженер,30205,13
696,Романов Семен Викторович,муж.,1967,2022,Служба делопроизводства,Директор,63757,10
1364,Ямщикова Ольга Петровна,жен.,1976,2019,Вычислительный центр,Директор,52011,28
372,Иванов Максим Николаевич,муж.,1990,2021,Юридическая служба,Директор,54938,2
369,Ямщикова Анна Петровна,жен.,1988,2018,Отдел внешнеэкономических связей,Инженер,38398,19
1207,Романов Петр Викторович,муж.,1981,2021,Склады готовой продукции и материалов,Секретарь,35540,27
240,Викторова Ольга Владимировна,жен.,1991,2015,Канцелярия,Главный инженер,57012,29
499,Иванов Александр Дмитриевич,муж.,1984,2022,Служба упревления персоналом,Главный инженер,36358,14
196,Ямщикова Светлана Григорьевна,жен.,1972,2015,Служба управления персоналом,Секретарь,44352,24
1370,Лукин Данил Владимирович,муж.,1981,2022,Служба делопроизводства,Начальник,25249,29
152,Иванова Лариса Владимировна,жен.,1970,2022,Отдел кадров,Секретарь,48081,27
646,Макеев Петр Денисович,муж.,1987,2021,Отдел охраны труда,Секретарь,53072,7
412,Ямщикова Лариса Ивановна,жен.,1983,2018,Склады готовой продукции и материалов,Руководитель,53797,24
814,Лукин Григорий Николаевич,муж.,1997,2015,Вычислительный центр,Инженер,64966,19
521,Романова Ольга Данииловна,жен.,1985,2022,Канцелярия,Заместитель директора,53937,29
726,Викторов Максим Сергеевич,муж.,1992,2018,Служба делопроизводства,Начальник,47600,18
1156,Воронцова Алена Олеговна,жен.,1974,2017,Юридическая служба,Начальник,48920,8
71,Смирнов Степан Андреевич,муж.,1995,2015,Бухгалтерия,Директор,30955,22
580,Петрова Юлия Петровна,жен.,1995,2018,Канцелярия,Начальник,49067,3
96,Смирнов Петр Николаевич,муж.,1970,2020,Секретариат,Заместитель директора,50430,28
853,Николаева Алена Григорьевна,жен.,1979,2019,Отдел кадров,Главный инженер,35666,8
944,Романов Максим Петрович,муж.,1986,2020,Финансовое подразделение,Инженер,57732,12
656,Смирнова Лариса Ивановна,жен.,1986,2022,Отдел внешнеэкономических связей,Менеджер,36758,19
739,Воронцов Андрей Владимирович,муж.,1984,2020,Служба делопроизводства,Главный инженер,64615,8
721,Воронцова Лариса Петровна,жен.,1980,2018,Финансовое подразделение,Руководитель,27624,14
1256,Степанов Петр Никитич,муж.,1980,2021,Юридическая служба,Начальник,21915,12
253,Николаева Анна Сергеевна,жен.,1995,2020,Канцелярия,Инженер,55479,27
1224,Петров Николай Никитич,муж.,1971,2019,Юридическая служба,Начальник,58935,14
772,Иванова Светлана Сергеевна,жен.,1999,2021,Служба упревления персоналом,Заместитель директора,29466,28
538,Петров Степан Викторович,муж.,1986,2020,Юридическая служба,Главный инженер,43073,3
256,Николаева Юлия Викторовна,жен.,1978,2018,Служба управления персоналом,Менеджер,37305,12
151,Лукин Андрей Дмитриевич,муж.,1979,2020,Бухгалтерия,Секретарь,54713,19
520,Смирнова Анастасия Александровна,жен.,1992,2022,Служба делопроизводства,Начальник,64948,1
1,Викторов Александр Владимирович,муж.,1974,2022,Склады готовой продукции и материалов,Менеджер,25007,26
1120,Николаева Дарья Александровна,жен.,1982,2016,Вычислительный центр,Директор,61871,30
849,Иванов Петр Львович,муж.,1991,2020,Служба делопроизводства,Инженер,53237,9
558,Воронцова Анна Андреевна,жен.,1974,2022,Вычислительный центр,Директор,40358,28
277,Воробьев Андрей Никитич,муж.,1967,2022,Планово-экономический отдел,Начальник,22712,25
791,Кольцова Дарья Андреевна,жен.,1996,2021,Служба делопроизводства,Инженер,46122,7
183,Романов Николай Львович,муж.,1996,2020,Канцелярия,Заместитель директора,25688,23
447,Романова Ольга Олеговна,жен.,1998,2015,Служба безопасности,Инженер,29914,22
1124,Романов Григорий Никитич,муж.,1990,2020,Вычислительный центр,Главный инженер,41063,30
571,Иванова Анна Григорьевна,жен.,1983,2015,Отдел внешнеэкономических связей,Инженер,27750,5
604,Макеев Николай Львович,муж.,1980,2015,Бухгалтерия,Инженер,54411,4
18,Викторова Анна Петровна,жен.,1967,2020,Отдел организации труда,Офис-менержер,35651,2
519,Лукин Петр Денисович,муж.,1989,2020,Отдел внешнеэкономических связей,Заместитель директора,30565,15
871,Воронцова Анастасия Ивановна,жен.,1971,2022,Секретариат,Менеджер,28425,30
1001,Макеев Сергей Львович,муж.,1984,2017,Отдел кадров,Секретарь,61374,29
705,Николаева Светлана Андреевна,жен.,1982,2021,Отдел внешнеэкономических связей,Директор,48962,17
766,Иванов Степан Александрович,муж.,1983,2018,Бухгалтерия,Менеджер,27904,22
564,Ямщикова Анастасия Петровна,жен.,1968,2020,Планово-экономический отдел,Секретарь,30570,28
906,Лукин Максим Андреевич,муж.,1983,2018,Отдел внешнеэкономических связей,Главный инженер,64792,23
1320,Воронцова Анастасия Викторовна,жен.,1992,2018,Юридическая служба,Директор,47186,13
1086,Макеев Сергей Львович,муж.,1982,2015,Секретариат,Начальник,22442,25
40,Сатдинова Ольга Александровна,жен.,1981,2018,Юридическая служба,Офис-менержер,50724,2
716,Воронцов Александр Владимирович,муж.,1991,2020,Служба делопроизводства,Главный инженер,37896,4
823,Романова Лариса Николаевна,жен.,2000,2017,Служба стандартизации,Инженер,20882,9
671,Смирнов Андрей Петрович,муж.,1974,2017,Секретариат,Секретарь,64650,25
169,Ямщикова Ольга Николаевна,жен.,1974,2020,Бухгалтерия,Заместитель директора,49339,5
76,Воробьев Сергей Дмитриевич,муж.,1979,2022,Вычислительный центр,Руководитель,47555,20
241,Николаева Юлия Сергеевна,жен.,1983,2017,Вычислительный центр,Заместитель директора,51146,24
986,Степанов Сергей Львович,муж.,1990,2020,Отдел организации труда,Главный инженер,33846,23
2,Викторова Маргарита Сергеевна,жен.,1998,2016,Отдел организации труда,Директор,51737,25
649,Макеев Петр Андреевич,муж.,1977,2020,Служба упревления персоналом,Руководитель,55734,30
765,Викторова Лариса Олеговна,жен.,1970,2020,Отдел организации труда,Офис-менержер,48573,24
415,Степанов Степан Владимирович,муж.,1974,2017,Служба безопасности,Руководитель,59046,10
1490,Викторова Елизовета Григорьевна,жен.,1989,2021,Служба безопасности,Начальник,51932,9
202,Романов Григорий Николаевич,муж.,1996,2019,Планово-экономический отдел,Руководитель,60622,19
288,Ямщикова Юлия Олеговна,жен.,1991,2015,Отдел организации труда,Главный инженер,22455,19
378,Романов Николай Александрович,муж.,1972,2020,Служба упревления персоналом,Секретарь,54961,12
1118,Сатдинова Лариса Данииловна,жен.,1990,2015,Склады готовой продукции и материалов,Заместитель директора,52555,23
1210,Викторов Андрей Викторович,муж.,1993,2016,Отдел кадров,Главный инженер,57723,30
1003,Смирнова Анна Владимировна,жен.,1978,2020,Финансовое подразделение,Руководитель,59772,25
955,Романов Степан Николаевич,муж.,1985,2021,Отдел организации труда,Руководитель,41808,4
774,Сатдинова Татьяна Олеговна,жен.,1980,2015,Бухгалтерия,Руководитель,55074,4
1258,Лукин Александр Викторович,муж.,1996,2019,Служба управления персоналом,Инженер,20711,20
539,Макеева Татьяна Григорьевна,жен.,1977,2021,Секретариат,Секретарь,49935,4
1015,Воронцов Александр Николаевич,муж.,1986,2019,Склады готовой продукции и материалов,Секретарь,62385,10
1132,Николаева Анастасия Данииловна,жен.,1975,2022,Финансовое подразделение,Офис-менержер,34801,15
39,Романов Григорий Денисович,муж.,1978,2020,Служба безопасности,Начальник,46483,4
588,Ямщикова Елизовета Владимировна,жен.,1981,2021,Вычислительный центр,Инженер,39924,27
14,Макеев Максим Андреевич,муж.,1995,2016,Вычислительный центр,Инженер,64741,4
270,Сатдинова Ольга Данииловна,жен.,1998,2017,Отдел внешнеэкономических связей,Офис-менержер,42158,7
618,Романов Данил Викторович,муж.,1980,2021,Служба стандартизации,Директор,31678,30
710,Кольцова Татьяна Андреевна,жен.,1994,2020,Отдел организации труда,Заместитель директора,49452,1
1318,Воробьев Александр Никитич,муж.,1977,2020,Служба управления персоналом,Инженер,52030,11
425,Романова Татьяна Владимировна,жен.,1990,2015,Отдел организации труда,Начальник,60941,19
830,Иванов Степан Денисович,муж.,1984,2015,Служба делопроизводства,Менеджер,45253,27
460,Сатдинова Маргарита Григорьевна,жен.,1981,2019,Канцелярия,Секретарь,50209,18
1229,Петров Сергей Дмитриевич,муж.,1983,2015,Служба управления персоналом,Начальник,43776,14
1433,Кольцова Татьяна Григорьевна,жен.,1974,2015,Отдел охраны труда,Инженер,40405,29
1099,Степанов Семен Николаевич,муж.,1996,2017,Отдел организации труда,Офис-менержер,36750,7
1240,Смирнова Алена Ивановна,жен.,1971,2016,Бухгалтерия,Главный инженер,57609,26
854,Лукин Александр Владимирович,муж.,1973,2020,Отдел внешнеэкономических связей,Начальник,29748,6
357,Петрова Ольга Данииловна,жен.,1967,2020,Планово-экономический отдел,Менеджер,41611,22
939,Иванов Григорий Александрович,муж.,1981,2019,Планово-экономический отдел,Заместитель директора,54539,3
244,Воронцова Ольга Андреевна,жен.,1984,2016,Секретариат,Инженер,32591,1
935,Романов Данил Николаевич,муж.,1981,2018,Служба безопасности,Секретарь,50355,6
135,Викторова Елизовета Сергеевна,жен.,1998,2017,Склады готовой продукции и материалов,Руководитель,47626,1
232,Степанов Максим Петрович,муж.,1974,2015,Служба делопроизводства,Инженер,64521,9
644,Романова Анастасия Петровна,жен.,1974,2022,Отдел внешнеэкономических связей,Директор,41310,8
545,Смирнов Сергей Денисович,муж.,1988,2019,Канцелярия,Менеджер,60234,13
1466,Романова Елизовета Ивановна,жен.,1976,2021,Финансовое подразделение,Инженер,64114,7
934,Петров Сергей Андреевич,муж.,1979,2017,Канцелярия,Инженер,29128,6
1492,Смирнова Ольга Григорьевна,жен.,1973,2015,Служба управления персоналом,Начальник,53053,8
1053,Степанов Сергей Александрович,муж.,1979,2020,Отдел внешнеэкономических связей,Директор,43920,5
1231,Николаева Татьяна Александровна,жен.,1967,2015,Отдел организации труда,Менеджер,20455,21
512,Степанов Андрей Андреевич,муж.,1995,2016,Служба безопасности,Руководитель,49852,30
1463,Сатдинова Елизовета Александровна,жен.,1984,2021,Бухгалтерия,Начальник,40077,6
1166,Петров Максим Петрович,муж.,1993,2017,Отдел охраны труда,Директор,23922,7
492,Кольцова Алена Ивановна,жен.,1998,2019,Юридическая служба,Менеджер,24947,17
1236,Лукин Максим Львович,муж.,1969,2022,Отдел внешнеэкономических связей,Менеджер,36182,4
1424,Кольцова Ольга Владимировна,жен.,1971,2022,Служба упревления персоналом,Руководитель,63874,7
1165,Романов Семен Львович,муж.,1991,2019,Планово-экономический отдел,Офис-менержер,29542,28
1419,Кольцова Алена Владимировна,жен.,1999,2022,Вычислительный центр,Начальник,20749,23
467,Степанов Семен Дмитриевич,муж.,1996,2022,Юридическая служба,Менеджер,63111,6
526,Воронцова Алена Александровна,жен.,1991,2022,Служба управления персоналом,Директор,38357,12
1167,Смирнов Семен Никитич,муж.,1969,2016,Служба безопасности,Главный инженер,34755,10
1254,Романова Ольга Григорьевна,жен.,1967,2016,Служба безопасности,Руководитель,64418,5
886,Романов Данил Викторович,муж.,1991,2020,Служба упревления персоналом,Секретарь,46419,21
749,Викторова Алена Петровна,жен.,1995,2017,Отдел кадров,Главный инженер,24014,3
173,Лукин Сергей Владимирович,муж.,1992,2019,Бухгалтерия,Менеджер,29208,5
219,Николаева Елизовета Владимировна,жен.,1992,2021,Отдел кадров,Главный инженер,22358,14
1348,Викторов Григорий Сергеевич,муж.,1981,2016,Служба делопроизводства,Заместитель директора,40646,15
407,Николаева Алена Сергеевна,жен.,1982,2017,Отдел кадров,Секретарь,47264,3
914,Воробьев Александр Андреевич,муж.,1983,2019,Секретариат,Главный инженер,31261,13
668,Кольцова Анастасия Ивановна,жен.,1997,2015,Канцелярия,Директор,31877,9
913,Лукин Петр Петрович,муж.,1972,2019,Служба стандартизации,Офис-менержер,58924,9
17,Смирнова Лариса Николаевна,жен.,1979,2016,Служба безопасности,Офис-менержер,33042,1
653,Смирнов Григорий Александрович,муж.,1969,2022,Секретариат,Руководитель,48893,25
106,Кольцова Ольга Григорьевна,жен.,1989,2017,Секретариат,Руководитель,38442,9
708,Романов Максим Дмитриевич,муж.,1993,2017,Служба управления персоналом,Директор,39012,28
1248,Макеева Юлия Олеговна,жен.,1979,2015,Служба безопасности,Офис-менержер,53905,3
525,Романов Степан Дмитриевич,муж.,1996,2016,Служба делопроизводства,Офис-менержер,63839,24
394,Иванова Ольга Сергеевна,жен.,1992,2016,Планово-экономический отдел,Секретарь,62444,10
907,Лукин Никита Викторович,муж.,1993,2020,Вычислительный центр,Главный инженер,35463,29
60,Иванова Ольга Николаевна,жен.,1988,2015,Отдел организации труда,Начальник,30496,21
184,Степанов Максим Александрович,муж.,2000,2021,Служба делопроизводства,Руководитель,42785,13
1223,Воронцова Татьяна Владимировна,жен.,1972,2019,Склады готовой продукции и материалов,Заместитель директора,30328,10
403,Воробьев Петр Викторович,муж.,1988,2019,Бухгалтерия,Главный инженер,39022,14
487,Викторова Ольга Андреевна,жен.,1970,2019,Служба безопасности,Главный инженер,47098,26
19,Иванов Никита Александрович,муж.,1974,2017,Отдел кадров,Руководитель,63273,22
206,Кольцова Дарья Ивановна,жен.,1988,2021,Секретариат,Руководитель,49448,11
1066,Макеев Максим Дмитриевич,муж.,1981,2017,Служба стандартизации,Руководитель,37555,26
845,Сатдинова Татьяна Ивановна,жен.,1995,2021,Отдел охраны труда,Директор,63704,14
190,Романов Александр Александрович,муж.,1987,2019,Служба делопроизводства,Главный инженер,56351,7
582,Романова Анастасия Олеговна,жен.,1973,2022,Секретариат,Секретарь,51770,10
320,Смирнов Григорий Николаевич,муж.,1970,2020,Отдел охраны труда,Директор,45671,19
483,Ямщикова Анастасия Александровна,жен.,1998,2020,Канцелярия,Менеджер,29864,2
381,Воронцов Максим Александрович,муж.,1973,2016,Секретариат,Руководитель,32425,23
50,Сатдинова Дарья Андреевна,жен.,1984,2018,Отдел охраны труда,Директор,63728,5
1121,Петров Семен Владимирович,муж.,1971,2016,Отдел организации труда,Инженер,44090,26
155,Кольцова Юлия Олеговна,жен.,1996,2020,Отдел охраны труда,Секретарь,44888,15
1048,Викторов Данил Денисович,муж.,1967,2017,Служба стандартизации,Главный инженер,49105,25
1164,Макеева Юлия Данииловна,жен.,1971,2016,Отдел кадров,Менеджер,44588,6
1032,Воронцов Данил Владимирович,муж.,1978,2019,Финансовое подразделение,Начальник,27385,1
405,Викторова Елизовета Ивановна,жен.,1975,2022,Служба управления персоналом,Секретарь,38390,7
1306,Викторов Семен Дмитриевич,муж.,1999,2015,Служба делопроизводства,Главный инженер,28439,13
335,Макеева Ольга Петровна,жен.,1984,2016,Служба стандартизации,Начальник,32023,30
847,Романов Сергей Львович,муж.,1980,2015,Служба безопасности,Заместитель директора,50248,12
768,Иванова Светлана Данииловна,жен.,1990,2016,Отдел внешнеэкономических связей,Директор,55703,28
10,Степанов Петр Петрович,муж.,1998,2017,Бухгалтерия,Руководитель,64050,9
947,Романова Маргарита Данииловна,жен.,1980,2015,Вычислительный центр,Главный инженер,58938,7
1259,Романов Никита Александрович,муж.,1998,2015,Отдел организации труда,Секретарь,53755,27
818,Смирнова Елизовета Ивановна,жен.,1973,2021,Служба делопроизводства,Директор,36290,17
1172,Викторов Степан Денисович,муж.,1976,2020,Отдел охраны труда,Секретарь,61105,16
346,Смирнова Анастасия Григорьевна,жен.,1989,2015,Финансовое подразделение,Начальник,44276,8
572,Иванов Андрей Никитич,муж.,1971,2020,Служба делопроизводства,Офис-менержер,61553,11
856,Петрова Ольга Олеговна,жен.,1994,2021,Отдел кадров,Инженер,62589,27
1465,Иванов Андрей Денисович,муж.,1982,2017,Служба управления персоналом,Главный инженер,63268,27
1267,Петрова Анастасия Сергеевна,жен.,1988,2016,Отдел кадров,Офис-менержер,40518,23
1427,Романов Семен Владимирович,муж.,1971,2018,Вычислительный центр,Менеджер,40117,11
263,Макеева Анна Петровна,жен.,1979,2017,Секретариат,Директор,23351,17
1152,Воробьев Данил Андреевич,муж.,1967,2021,Планово-экономический отдел,Начальник,30072,3
887,Романова Алена Петровна,жен.,1974,2020,Финансовое подразделение,Директор,51529,1
379,Романов Петр Владимирович,муж.,1999,2019,Финансовое подразделение,Начальник,22111,25
323,Смирнова Маргарита Ивановна,жен.,1984,2020,Отдел внешнеэкономических связей,Заместитель директора,32514,3
496,Лукин Петр Петрович,муж.,1977,2019,Секретариат,Руководитель,47595,25
1242,Ямщикова Дарья Николаевна,жен.,1993,2022,Секретариат,Офис-менержер,35756,11
565,Степанов Максим Сергеевич,муж.,1986,2021,Финансовое подразделение,Руководитель,29718,2
1429,Сатдинова Ольга Григорьевна,жен.,1976,2015,Юридическая служба,Секретарь,59910,5
502,Иванов Николай Викторович,муж.,1973,2019,Канцелярия,Инженер,59047,5
24,Воронцова Анна Олеговна,жен.,1988,2015,Служба стандартизации,Инженер,60615,7
921,Смирнов Сергей Николаевич,муж.,1995,2017,Секретариат,Инженер,21440,11
462,Иванова Ольга Викторовна,жен.,1977,2020,Планово-экономический отдел,Менеджер,31819,1
623,Иванов Сергей Львович,муж.,1979,2020,Служба управления персоналом,Секретарь,48258,26
1270,Ямщикова Ольга Викторовна,жен.,1968,2019,Служба управления персоналом,Секретарь,61859,10
736,Иванов Петр Александрович,муж.,1993,2022,Канцелярия,Инженер,41078,25
1278,Викторова Лариса Андреевна,жен.,1979,2018,Юридическая служба,Начальник,60672,29
1080,Романов Максим Викторович,муж.,1977,2018,Отдел охраны труда,Инженер,22901,21
1359,Кольцова Татьяна Ивановна,жен.,1967,2022,Служба упревления персоналом,Инженер,31396,1
1428,Иванов Петр Дмитриевич,муж.,1967,2022,Бухгалтерия,Директор,50112,21
215,Смирнова Маргарита Петровна,жен.,1997,2017,Склады готовой продукции и материалов,Инженер,54244,25
309,Романов Сергей Львович,муж.,1988,2015,Финансовое подразделение,Директор,20562,19
715,Смирнова Анна Николаевна,жен.,1993,2015,Секретариат,Начальник,39441,28
384,Романов Степан Сергеевич,муж.,1989,2015,Секретариат,Менеджер,64701,6
188,Ямщикова Анна Григорьевна,жен.,1985,2019,Бухгалтерия,Секретарь,48552,28
30,Иванов Никита Дмитриевич,муж.,1968,2019,Служба безопасности,Руководитель,23004,2
942,Иванова Юлия Владимировна,жен.,1989,2021,Канцелярия,Менеджер,53999,16
245,Иванов Николай Андреевич,муж.,1973,2022,Служба безопасности,Начальник,32587,21
560,Кольцова Анна Григорьевна,жен.,1989,2017,Служба стандартизации,Главный инженер,40378,29
601,Степанов Семен Денисович,муж.,1986,2020,Отдел кадров,Руководитель,61407,20
547,Романова Анастасия Николаевна,жен.,2000,2017,Юридическая служба,Начальник,48296,7
795,Воронцов Семен Викторович,муж.,1996,2020,Служба безопасности,Инженер,35942,10
491,Макеева Лариса Петровна,жен.,1970,2019,Бухгалтерия,Офис-менержер,60436,3
923,Макеев Петр Львович,муж.,1985,2021,Служба управления персоналом,Директор,51689,10
324,Николаева Лариса Олеговна,жен.,1984,2021,Юридическая служба,Менеджер,20962,29
1381,Иванов Данил Владимирович,муж.,1979,2016,Служба упревления персоналом,Секретарь,55641,6
498,Петрова Маргарита Викторовна,жен.,1969,2019,Служба стандартизации,Офис-менержер,59546,14
1022,Иванов Петр Владимирович,муж.,1989,2020,Отдел охраны труда,Руководитель,54652,29
851,Иванова Алена Викторовна,жен.,2000,2021,Канцелярия,Менеджер,47666,13
690,Воробьев Максим Владимирович,муж.,1984,2016,Бухгалтерия,Руководитель,51405,7
784,Сатдинова Елизовета Данииловна,жен.,1971,2017,Отдел кадров,Менеджер,33534,15
401,Викторов Никита Александрович,муж.,1998,2015,Планово-экономический отдел,Секретарь,41360,4
950,Петрова Анна Викторовна,жен.,1978,2016,Юридическая служба,Главный инженер,22408,8
272,Иванов Данил Денисович,муж.,1980,2019,Служба делопроизводства,Главный инженер,39076,6
753,Воронцова Юлия Александровна,жен.,1970,2016,Служба управления персоналом,Офис-менержер,44760,9
983,Воронцов Данил Николаевич,муж.,1977,2019,Канцелярия,Руководитель,63911,7
835,Воронцова Татьяна Сергеевна,жен.,1991,2019,Финансовое подразделение,Офис-менержер,33003,4
844,Воронцов Максим Владимирович,муж.,1975,2020,Секретариат,Главный инженер,41105,6
940,Воронцова Елизовета Викторовна,жен.,2000,2015,Склады готовой продукции и материалов,Секретарь,23950,18
1366,Романов Андрей Петрович,муж.,1993,2020,Склады готовой продукции и материалов,Секретарь,46083,17
855,Ямщикова Анастасия Викторовна,жен.,1992,2018,Служба стандартизации,Менеджер,41678,20
1049,Степанов Никита Викторович,муж.,1996,2019,Служба делопроизводства,Главный инженер,53240,23
426,Николаева Юлия Олеговна,жен.,1989,2017,Юридическая служба,Менеджер,57409,23
785,Степанов Максим Владимирович,муж.,1985,2018,Планово-экономический отдел,Инженер,60963,21
170,Николаева Алена Владимировна,жен.,1994,2021,Вычислительный центр,Менеджер,32472,17
452,Романов Григорий Александрович,муж.,1991,2015,Юридическая служба,Офис-менержер,38534,13
154,Николаева Ольга Данииловна,жен.,1980,2017,Отдел внешнеэкономических связей,Офис-менержер,48221,13
1327,Смирнов Сергей Николаевич,муж.,1987,2019,Отдел внешнеэкономических связей,Менеджер,21013,8
993,Николаева Алена Александровна,жен.,1980,2016,Склады готовой продукции и материалов,Руководитель,34006,6
441,Лукин Максим Андреевич,муж.,1978,2020,Отдел охраны труда,Заместитель директора,31957,17
778,Иванова Дарья Викторовна,жен.,1973,2019,Отдел внешнеэкономических связей,Главный инженер,60103,13
1341,Романов Семен Никитич,муж.,1978,2017,Служба упревления персоналом,Менеджер,21082,7
1440,Иванова Светлана Викторовна,жен.,1985,2017,Склады готовой продукции и материалов,Секретарь,37759,10
808,Иванов Максим Александрович,муж.,1983,2019,Вычислительный центр,Офис-менержер,57724,14
593,Кольцова Юлия Владимировна,жен.,1984,2019,Склады готовой продукции и материалов,Начальник,54294,8
308,Викторов Петр Петрович,муж.,1993,2022,Служба безопасности,Менеджер,42836,20
131,Романова Маргарита Викторовна,жен.,1974,2021,Отдел организации труда,Руководитель,64745,17
802,Иванов Максим Николаевич,муж.,2000,2019,Отдел кадров,Заместитель директора,42539,4
89,Воронцова Татьяна Александровна,жен.,1985,2022,Отдел кадров,Заместитель директора,27330,30
62,Викторов Степан Денисович,муж.,1999,2015,Служба стандартизации,Секретарь,62512,23
117,Иванова Дарья Андреевна,жен.,1967,2018,Служба управления персоналом,Менеджер,30490,30
1374,Воронцов Степан Николаевич,муж.,1998,2016,Служба делопроизводства,Директор,45651,24
310,Воронцова Маргарита Андреевна,жен.,1992,2017,Служба безопасности,Заместитель директора,37413,2
1163,Викторов Степан Сергеевич,муж.,1999,2016,Вычислительный центр,Главный инженер,53868,24
1286,Петрова Татьяна Александровна,жен.,1969,2021,Отдел внешнеэкономических связей,Инженер,41290,5
476,Макеев Семен Дмитриевич,муж.,1995,2016,Вычислительный центр,Главный инженер,58995,2
180,Николаева Маргарита Сергеевна,жен.,1987,2018,Отдел внешнеэкономических связей,Директор,62201,22
413,Макеев Данил Дмитриевич,муж.,1994,2020,Отдел организации труда,Главный инженер,56791,9
86,Кольцова Ольга Николаевна,жен.,1987,2015,Вычислительный центр,Руководитель,54243,29
1042,Воробьев Александр Дмитриевич,муж.,1990,2016,Отдел охраны труда,Руководитель,58937,10
104,Ямщикова Анастасия Владимировна,жен.,1991,2021,Планово-экономический отдел,Директор,29854,28
461,Смирнов Данил Денисович,муж.,1971,2017,Отдел внешнеэкономических связей,Офис-менержер,51443,23
342,Викторова Юлия Ивановна,жен.,2000,2021,Служба стандартизации,Руководитель,35803,12
1296,Романов Семен Дмитриевич,муж.,1990,2017,Отдел организации труда,Инженер,35120,14
1297,Николаева Дарья Олеговна,жен.,1991,2016,Финансовое подразделение,Офис-менержер,39210,6
581,Викторов Данил Викторович,муж.,1982,2018,Канцелярия,Офис-менержер,49888,19
469,Ямщикова Анна Григорьевна,жен.,1976,2019,Служба безопасности,Руководитель,20059,6
616,Викторов Григорий Сергеевич,муж.,1999,2022,Служба безопасности,Руководитель,39749,5
861,Романова Ольга Сергеевна,жен.,1973,2020,Служба безопасности,Начальник,45350,30
1197,Смирнов Петр Дмитриевич,муж.,1969,2017,Склады готовой продукции и материалов,Начальник,26652,4
114,Петрова Алена Сергеевна,жен.,1998,2017,Вычислительный центр,Начальник,49402,27
153,Иванов Никита Николаевич,муж.,1983,2022,Юридическая служба,Главный инженер,49022,4
1113,Иванова Алена Петровна,жен.,1997,2018,Секретариат,Офис-менержер,29835,11
634,Степанов Петр Никитич,муж.,1972,2015,Служба управления персоналом,Инженер,47126,11
172,Воронцова Елизовета Ивановна,жен.,1976,2018,Служба упревления персоналом,Начальник,50358,1
576,Смирнов Никита Дмитриевич,муж.,1977,2017,Финансовое подразделение,Начальник,52697,2
1070,Иванова Дарья Андреевна,жен.,1972,2016,Служба управления персоналом,Менеджер,40549,13
254,Иванов Александр Денисович,муж.,1994,2021,Служба безопасности,Заместитель директора,43895,9
108,Ямщикова Дарья Александровна,жен.,1991,2020,Канцелярия,Инженер,62612,4
1314,Степанов Григорий Никитич,муж.,1997,2018,Бухгалтерия,Главный инженер,59164,13
1228,Иванова Анна Александровна,жен.,1977,2015,Финансовое подразделение,Директор,35490,9
1213,Петров Сергей Андреевич,муж.,1988,2021,Служба безопасности,Менеджер,45674,4
760,Ямщикова Ольга Ивановна,жен.,1994,2021,Бухгалтерия,Руководитель,58887,28
786,Петров Никита Денисович,муж.,1969,2021,Служба делопроизводства,Менеджер,27069,10
1233,Кольцова Ольга Олеговна,жен.,1992,2017,Отдел организации труда,Офис-менержер,64475,7
1287,Романов Сергей Денисович,муж.,1989,2020,Служба делопроизводства,Главный инженер,41383,22
882,Петрова Дарья Николаевна,жен.,1986,2020,Юридическая служба,Офис-менержер,58340,15
327,Степанов Григорий Дмитриевич,муж.,1973,2022,Служба стандартизации,Руководитель,34748,24
1200,Сатдинова Алена Владимировна,жен.,1994,2017,Планово-экономический отдел,Секретарь,30251,7
1030,Романов Степан Львович,муж.,1995,2022,Секретариат,Инженер,22689,5
884,Викторова Юлия Николаевна,жен.,1967,2016,Планово-экономический отдел,Заместитель директора,45841,19
471,Макеев Николай Львович,муж.,1978,2016,Планово-экономический отдел,Секретарь,32958,7
1208,Викторова Анна Владимировна,жен.,1985,2017,Бухгалтерия,Заместитель директора,26330,11
687,Смирнов Григорий Львович,муж.,1971,2017,Отдел организации труда,Начальник,62112,8
1095,Сатдинова Татьяна Николаевна,жен.,1990,2021,Бухгалтерия,Главный инженер,60323,16
473,Романов Максим Викторович,муж.,1993,2016,Отдел организации труда,Главный инженер,29978,18
1139,Ямщикова Дарья Николаевна,жен.,1987,2017,Юридическая служба,Руководитель,41450,2
533,Романов Петр Викторович,муж.,1997,2019,Отдел организации труда,Инженер,57854,24
1284,Макеева Светлана Александровна,жен.,1986,2019,Отдел внешнеэкономических связей,Инженер,25615,22
1340,Смирнов Григорий Сергеевич,муж.,1989,2020,Служба безопасности,Менеджер,37843,2
67,Романова Маргарита Сергеевна,жен.,1982,2016,Служба упревления персоналом,Директор,40219,15
969,Воронцов Григорий Николаевич,муж.,1981,2016,Финансовое подразделение,Секретарь,48195,16
1344,Романова Дарья Викторовна,жен.,2000,2019,Служба стандартизации,Офис-менержер,39397,17
417,Воробьев Александр Петрович,муж.,1985,2017,Секретариат,Заместитель директора,39225,19
1179,Смирнова Ольга Николаевна,жен.,1982,2021,Служба стандартизации,Главный инженер,58257,29
1065,Смирнов Степан Дмитриевич,муж.,1982,2019,Вычислительный центр,Директор,32148,19
391,Романова Алена Сергеевна,жен.,1974,2019,Служба безопасности,Директор,54993,13
801,Воробьев Данил Петрович,муж.,1973,2016,Юридическая служба,Секретарь,44444,13
645,Петрова Анна Владимировна,жен.,1998,2015,Планово-экономический отдел,Менеджер,21676,30
261,Степанов Степан Александрович,муж.,1986,2016,Склады готовой продукции и материалов,Заместитель директора,64586,8
179,Макеева Татьяна Данииловна,жен.,1985,2022,Планово-экономический отдел,Менеджер,44865,26
1494,Воронцов Никита Андреевич,муж.,1993,2015,Бухгалтерия,Менеджер,63399,24
702,Романова Татьяна Николаевна,жен.,1996,2018,Финансовое подразделение,Главный инженер,53309,7
1105,Макеев Максим Никитич,муж.,1968,2016,Склады готовой продукции и материалов,Офис-менержер,23997,29
567,Макеева Анна Петровна,жен.,1993,2017,Служба упревления персоналом,Менеджер,64187,1
7,Лукин Максим Дмитриевич,муж.,1976,2020,Вычислительный центр,Секретарь,36619,18
26,Викторова Ольга Олеговна,жен.,1981,2016,Канцелярия,Главный инженер,61327,2
552,Романов Сергей Никитич,муж.,1971,2020,Служба упревления персоналом,Директор,41227,27
1162,Кольцова Анастасия Петровна,жен.,1988,2019,Канцелярия,Директор,20112,7
858,Романов Андрей Владимирович,муж.,1992,2021,Служба стандартизации,Руководитель,53404,1
704,Николаева Светлана Ивановна,жен.,2000,2018,Служба делопроизводства,Менеджер,46221,6
1368,Воробьев Петр Львович,муж.,1973,2022,Бухгалтерия,Менеджер,53678,14
27,Иванова Татьяна Андреевна,жен.,1979,2016,Секретариат,Офис-менержер,40176,11
717,Романов Петр Денисович,муж.,1994,2019,Служба стандартизации,Заместитель директора,59944,30
648,Кольцова Анна Сергеевна,жен.,1986,2015,Склады готовой продукции и материалов,Офис-менержер,54686,10
1036,Петров Семен Львович,муж.,1974,2022,Вычислительный центр,Офис-менержер,23629,28
584,Петрова Анна Ивановна,жен.,1989,2019,Юридическая служба,Офис-менержер,58520,12
1360,Романов Николай Александрович,муж.,1977,2019,Отдел внешнеэкономических связей,Начальник,46189,1
799,Смирнова Анастасия Андреевна,жен.,1971,2018,Отдел охраны труда,Офис-менержер,35060,26
979,Смирнов Степан Петрович,муж.,1976,2022,Отдел охраны труда,Менеджер,33221,13
987,Викторова Анастасия Олеговна,жен.,1991,2018,Планово-экономический отдел,Главный инженер,24778,8
1037,Романов Григорий Викторович,муж.,1979,2021,Юридическая служба,Главный инженер,26490,15
927,Романова Лариса Андреевна,жен.,1997,2020,Отдел охраны труда,Менеджер,28481,19
820,Викторов Никита Александрович,муж.,1987,2015,Секретариат,Начальник,64255,19
1275,Ямщикова Татьяна Сергеевна,жен.,2000,2016,Склады готовой продукции и материалов,Офис-менержер,33426,25
198,Степанов Семен Сергеевич,муж.,1975,2018,Отдел организации труда,Секретарь,49507,3
1295,Кольцова Татьяна Григорьевна,жен.,1988,2016,Финансовое подразделение,Офис-менержер,30755,3
1038,Воробьев Николай Владимирович,муж.,1993,2020,Отдел охраны труда,Заместитель директора,37537,22
1178,Смирнова Лариса Александровна,жен.,1982,2021,Служба безопасности,Руководитель,40519,26
964,Макеев Данил Сергеевич,муж.,1993,2019,Склады готовой продукции и материалов,Секретарь,32198,30
1484,Макеева Анастасия Сергеевна,жен.,1991,2019,Отдел охраны труда,Офис-менержер,58592,26
1308,Воробьев Петр Никитич,муж.,1997,2022,Планово-экономический отдел,Начальник,46612,8
370,Николаева Юлия Александровна,жен.,1998,2019,Канцелярия,Заместитель директора,48914,9
752,Романов Данил Львович,муж.,1973,2020,Отдел организации труда,Начальник,33117,27
1112,Николаева Алена Андреевна,жен.,1981,2016,Отдел кадров,Офис-менержер,64715,27
451,Степанов Григорий Александрович,муж.,1992,2016,Служба управления персоналом,Главный инженер,25225,23
1394,Викторова Лариса Викторовна,жен.,1983,2015,Отдел организации труда,Инженер,53576,29
139,Воробьев Сергей Петрович,муж.,1994,2017,Отдел охраны труда,Секретарь,26799,2
22,Сатдинова Елизовета Николаевна,жен.,1983,2019,Отдел внешнеэкономических связей,Менеджер,36556,19
832,Макеев Александр Никитич,муж.,1978,2022,Отдел внешнеэкономических связей,Офис-менержер,49762,13
221,Романова Елизовета Олеговна,жен.,1993,2022,Служба стандартизации,Инженер,20056,19
262,Романов Степан Андреевич,муж.,1988,2021,Служба безопасности,Начальник,49115,30
991,Петрова Маргарита Александровна,жен.,1988,2017,Финансовое подразделение,Инженер,39731,30
876,Петров Данил Денисович,муж.,1972,2015,Финансовое подразделение,Директор,25348,16
1349,Макеева Алена Олеговна,жен.,1972,2016,Отдел внешнеэкономических связей,Руководитель,43925,29
382,Воронцов Никита Николаевич,муж.,1986,2019,Канцелярия,Руководитель,27854,11
1012,Смирнова Елизовета Александровна,жен.,1988,2019,Отдел охраны труда,Начальник,59283,4
199,Воронцов Петр Николаевич,муж.,1972,2017,Склады готовой продукции и материалов,Начальник,23078,18
828,Викторова Лариса Викторовна,жен.,1992,2017,Отдел охраны труда,Офис-менержер,21177,27
895,Лукин Петр Владимирович,муж.,1973,2022,Отдел охраны труда,Начальник,60778,3
575,Смирнова Анастасия Ивановна,жен.,1999,2017,Бухгалтерия,Руководитель,20010,27
91,Иванов Петр Александрович,муж.,1982,2019,Служба делопроизводства,Инженер,28070,6
691,Викторова Светлана Викторовна,жен.,1971,2015,Финансовое подразделение,Директор,59415,10
111,Воробьев Григорий Владимирович,муж.,1967,2022,Финансовое подразделение,Руководитель,52227,2
61,Романова Алена Андреевна,жен.,1990,2016,Бухгалтерия,Начальник,38388,22
338,Романов Николай Сергеевич,муж.,1994,2015,Служба безопасности,Заместитель директора,60502,14
677,Иванова Ольга Ивановна,жен.,1984,2020,Юридическая служба,Директор,30753,3
267,Романов Данил Никитич,муж.,1999,2017,Бухгалтерия,Руководитель,31189,30
406,Кольцова Анастасия Андреевна,жен.,1994,2017,Финансовое подразделение,Главный инженер,58627,29
328,Викторов Александр Александрович,муж.,1993,2015,Отдел организации труда,Офис-менержер,37040,6
90,Николаева Лариса Григорьевна,жен.,1967,2019,Планово-экономический отдел,Инженер,52233,22
840,Макеев Григорий Викторович,муж.,1995,2015,Канцелярия,Менеджер,39450,11
738,Сатдинова Дарья Петровна,жен.,1970,2016,Служба управления персоналом,Директор,45747,19
1034,Степанов Степан Александрович,муж.,1970,2016,Служба управления персоналом,Руководитель,40000,18
974,Николаева Юлия Петровна,жен.,1998,2015,Отдел внешнеэкономических связей,Руководитель,21680,5
343,Романов Николай Александрович,муж.,1973,2020,Вычислительный центр,Секретарь,60220,8
65,Иванова Дарья Григорьевна,жен.,1990,2021,Служба управления персоналом,Офис-менержер,60880,3
1078,Петров Григорий Дмитриевич,муж.,1999,2015,Служба безопасности,Менеджер,59272,8
231,Ямщикова Ольга Сергеевна,жен.,1988,2020,Канцелярия,Секретарь,26475,27
142,Викторов Никита Дмитриевич,муж.,1989,2021,Отдел организации труда,Директор,41159,14
69,Смирнова Светлана Сергеевна,жен.,1981,2015,Вычислительный центр,Заместитель директора,53381,23
988,Воронцов Андрей Сергеевич,муж.,1981,2022,Отдел организации труда,Офис-менержер,56897,8
333,Воронцова Лариса Николаевна,жен.,1978,2019,Служба стандартизации,Директор,26711,7
230,Воронцов Николай Андреевич,муж.,1978,2015,Служба управления персоналом,Инженер,41038,1
350,Кольцова Анна Данииловна,жен.,1990,2020,Бухгалтерия,Директор,36406,18
433,Степанов Александр Денисович,муж.,1971,2020,Юридическая служба,Директор,27008,5
709,Иванова Татьяна Сергеевна,жен.,1996,2019,Отдел организации труда,Руководитель,61002,14
1339,Смирнов Сергей Николаевич,муж.,1977,2017,Бухгалтерия,Менеджер,43384,9
275,Викторова Лариса Сергеевна,жен.,1970,2016,Служба управления персоналом,Начальник,61657,22
163,Смирнов Григорий Сергеевич,муж.,1990,2017,Служба безопасности,Директор,54700,8
636,Петрова Ольга Александровна,жен.,1990,2017,Секретариат,Секретарь,28662,21
304,Воробьев Григорий Александрович,муж.,2000,2018,Канцелярия,Руководитель,59778,7
75,Сатдинова Алена Данииловна,жен.,1997,2021,Служба безопасности,Руководитель,49865,27
330,Викторов Максим Никитич,муж.,1977,2020,Планово-экономический отдел,Заместитель директора,59499,9
1389,Романова Ольга Данииловна,жен.,1975,2016,Вычислительный центр,Инженер,42068,27
1383,Викторов Максим Петрович,муж.,1983,2017,Секретариат,Менеджер,22899,17
605,Сатдинова Анна Петровна,жен.,1982,2015,Планово-экономический отдел,Начальник,41693,30
712,Петров Семен Денисович,муж.,1985,2016,Служба стандартизации,Начальник,34972,25
1130,Воронцова Анастасия Данииловна,жен.,1992,2018,Отдел внешнеэкономических связей,Инженер,43846,9
1176,Иванов Никита Николаевич,муж.,1974,2015,Служба управления персоналом,Менеджер,41607,27
578,Викторова Лариса Олеговна,жен.,1980,2015,Секретариат,Заместитель директора,50536,28
952,Викторов Семен Викторович,муж.,1977,2018,Служба упревления персоналом,Секретарь,29199,15
1253,Макеева Маргарита Александровна,жен.,1970,2020,Отдел кадров,Руководитель,33535,1
242,Викторов Григорий Владимирович,муж.,1989,2018,Служба управления персоналом,Инженер,38508,20
120,Петрова Лариса Григорьевна,жен.,1981,2019,Бухгалтерия,Заместитель директора,33200,29
650,Степанов Сергей Николаевич,муж.,1978,2015,Финансовое подразделение,Главный инженер,35293,5
1369,Сатдинова Светлана Александровна,жен.,1994,2021,Служба стандартизации,Главный инженер,42416,22
846,Макеев Петр Дмитриевич,муж.,1995,2022,Канцелярия,Руководитель,55368,28
410,Смирнова Алена Данииловна,жен.,1967,2015,Канцелярия,Директор,48896,6
647,Воронцов Андрей Петрович,муж.,1999,2020,Отдел организации труда,Офис-менержер,34660,29
418,Макеева Анастасия Андреевна,жен.,1987,2020,Служба управления персоналом,Секретарь,41899,4
1476,Романов Данил Николаевич,муж.,1999,2020,Канцелярия,Заместитель директора,56323,16
813,Макеева Маргарита Олеговна,жен.,1978,2019,Планово-экономический отдел,Начальник,33875,9
638,Иванов Сергей Владимирович,муж.,1993,2016,Отдел организации труда,Заместитель директора,53441,9
670,Викторова Лариса Николаевна,жен.,1985,2022,Служба делопроизводства,Директор,22931,8
317,Степанов Данил Никитич,муж.,1981,2019,Отдел кадров,Менеджер,38894,30
1387,Романова Светлана Александровна,жен.,1968,2016,Служба упревления персоналом,Инженер,30280,4
1353,Макеев Григорий Владимирович,муж.,1980,2019,Отдел организации труда,Офис-менержер,49654,30
990,Смирнова Дарья Андреевна,жен.,1992,2016,Отдел кадров,Инженер,56319,7
612,Викторов Андрей Викторович,муж.,1996,2019,Финансовое подразделение,Начальник,60555,9
290,Воронцова Анастасия Олеговна,жен.,1975,2017,Отдел организации труда,Начальник,26869,8
1154,Лукин Петр Денисович,муж.,1983,2017,Бухгалтерия,Руководитель,63410,2
925,Кольцова Юлия Сергеевна,жен.,1984,2019,Финансовое подразделение,Заместитель директора,43003,7
627,Лукин Семен Викторович,муж.,1994,2018,Отдел охраны труда,Главный инженер,57614,22
1367,Смирнова Юлия Олеговна,жен.,1984,2019,Служба безопасности,Менеджер,33203,11
1406,Иванов Николай Владимирович,муж.,1982,2021,Секретариат,Менеджер,27216,22
865,Сатдинова Юлия Петровна,жен.,1994,2018,Служба безопасности,Инженер,27373,3
485,Макеев Данил Никитич,муж.,1993,2018,Бухгалтерия,Заместитель директора,37727,29
82,Петрова Алена Григорьевна,жен.,1997,2019,Вычислительный центр,Заместитель директора,37543,16
958,Романов Андрей Петрович,муж.,1980,2019,Юридическая служба,Инженер,59994,30
898,Смирнова Анастасия Викторовна,жен.,1984,2017,Отдел внешнеэкономических связей,Главный инженер,35340,3
358,Смирнов Александр Викторович,муж.,1975,2018,Служба делопроизводства,Секретарь,37718,5
1255,Кольцова Анна Александровна,жен.,1991,2017,Служба упревления персоналом,Руководитель,39255,4
274,Петров Николай Никитич,муж.,1967,2016,Вычислительный центр,Начальник,53292,8
1372,Иванова Анна Александровна,жен.,1995,2016,Отдел охраны труда,Главный инженер,49389,18
852,Лукин Никита Александрович,муж.,1983,2022,Бухгалтерия,Главный инженер,58604,20
1377,Смирнова Лариса Ивановна,жен.,1967,2015,Финансовое подразделение,Менеджер,37961,21
1274,Макеев Сергей Сергеевич,муж.,1986,2020,Отдел кадров,Главный инженер,43233,7
1291,Воронцова Светлана Андреевна,жен.,1988,2018,Отдел кадров,Главный инженер,23857,7
842,Воронцов Максим Петрович,муж.,1998,2017,Планово-экономический отдел,Директор,44854,12
1444,Сатдинова Лариса Викторовна,жен.,1998,2022,Бухгалтерия,Директор,59686,6
42,Степанов Семен Дмитриевич,муж.,1969,2018,Финансовое подразделение,Секретарь,51031,8
393,Кольцова Светлана Ивановна,жен.,1975,2020,Отдел внешнеэкономических связей,Секретарь,49476,22
1052,Иванов Никита Викторович,муж.,1967,2020,Служба безопасности,Менеджер,29267,29
743,Николаева Светлана Николаевна,жен.,1973,2017,Служба делопроизводства,Менеджер,22551,28
1403,Викторов Максим Петрович,муж.,1970,2018,Канцелярия,Менеджер,52876,25
1386,Кольцова Алена Григорьевна,жен.,1991,2018,Бухгалтерия,Заместитель директора,40086,27
1055,Иванов Данил Петрович,муж.,1985,2021,Отдел охраны труда,Менеджер,44880,17
714,Романова Маргарита Александровна,жен.,1982,2021,Отдел организации труда,Секретарь,25679,18
174,Воронцов Сергей Владимирович,муж.,1975,2022,Секретариат,Менеджер,56015,7
1334,Викторова Дарья Данииловна,жен.,1974,2018,Служба безопасности,Директор,64859,6
164,Смирнов Александр Андреевич,муж.,1983,2022,Вычислительный центр,Директор,31003,6
72,Викторова Маргарита Григорьевна,жен.,1986,2021,Отдел организации труда,Руководитель,21734,23
574,Смирнов Семен Сергеевич,муж.,1996,2022,Вычислительный центр,Заместитель директора,23750,25
23,Иванова Алена Александровна,жен.,1976,2018,Канцелярия,Заместитель директора,37397,5
130,Воронцов Николай Денисович,муж.,1981,2020,Бухгалтерия,Главный инженер,61218,14
141,Воронцова Елизовета Сергеевна,жен.,1973,2022,Вычислительный центр,Директор,59410,20
354,Воронцов Александр Александрович,муж.,1979,2016,Отдел кадров,Начальник,41815,28
767,Викторова Лариса Ивановна,жен.,1985,2018,Юридическая служба,Инженер,48285,12
711,Макеев Семен Андреевич,муж.,1975,2015,Служба упревления персоналом,Директор,22774,5
848,Смирнова Маргарита Данииловна,жен.,1971,2019,Служба упревления персоналом,Начальник,48002,4
375,Романов Петр Дмитриевич,муж.,1987,2019,Отдел охраны труда,Инженер,33610,13
894,Ямщикова Анастасия Владимировна,жен.,1969,2019,Служба управления персоналом,Руководитель,55277,17
1071,Воробьев Петр Петрович,муж.,1976,2018,Отдел организации труда,Директор,44551,17
1014,Романова Юлия Николаевна,жен.,1988,2020,Отдел охраны труда,Директор,45960,19
1241,Воробьев Данил Дмитриевич,муж.,1993,2022,Служба стандартизации,Начальник,44955,4
1039,Макеева Анастасия Викторовна,жен.,1989,2021,Служба упревления персоналом,Руководитель,41194,20
549,Воронцов Андрей Львович,муж.,1970,2019,Служба делопроизводства,Офис-менержер,48726,14
1290,Иванова Елизовета Андреевна,жен.,1981,2016,Отдел кадров,Главный инженер,41301,25
1068,Романов Петр Викторович,муж.,1967,2019,Планово-экономический отдел,Инженер,20752,7
596,Воронцова Анастасия Сергеевна,жен.,1982,2021,Отдел организации труда,Заместитель директора,34069,10
222,Воробьев Данил Никитич,муж.,1975,2018,Отдел охраны труда,Начальник,55272,17
1411,Николаева Юлия Андреевна,жен.,1971,2021,Отдел организации труда,Руководитель,47806,19
583,Макеев Семен Никитич,муж.,1990,2019,Секретариат,Главный инженер,24691,10
1485,Воронцова Татьяна Викторовна,жен.,1991,2022,Канцелярия,Начальник,23356,11
1311,Смирнов Данил Викторович,муж.,2000,2020,Служба безопасности,Главный инженер,53143,13
92,Ямщикова Юлия Андреевна,жен.,1996,2016,Отдел внешнеэкономических связей,Офис-менержер,41996,12
1144,Романов Сергей Владимирович,муж.,1995,2016,Служба управления персоналом,Менеджер,45955,14
1076,Ямщикова Елизовета Ивановна,жен.,1993,2016,Служба упревления персоналом,Директор,34530,19
1187,Лукин Максим Владимирович,муж.,1975,2017,Служба делопроизводства,Инженер,43895,14
534,Викторова Анна Николаевна,жен.,1980,2020,Финансовое подразделение,Начальник,46277,1
1237,Романов Николай Никитич,муж.,1989,2015,Канцелярия,Офис-менержер,34203,22
134,Николаева Светлана Григорьевна,жен.,1975,2015,Юридическая служба,Менеджер,28775,23
78,Воронцов Александр Николаевич,муж.,1989,2019,Служба управления персоналом,Главный инженер,55994,19
810,Макеева Юлия Андреевна,жен.,1976,2017,Секретариат,Заместитель директора,60366,29
1077,Романов Александр Никитич,муж.,1969,2016,Отдел кадров,Заместитель директора,32883,3
84,Викторова Ольга Андреевна,жен.,1990,2021,Отдел организации труда,Главный инженер,44696,26
1265,Романов Петр Дмитриевич,муж.,1991,2021,Финансовое подразделение,Менеджер,57844,23
869,Макеева Татьяна Григорьевна,жен.,1971,2022,Отдел кадров,Офис-менержер,53087,18
1488,Лукин Петр Сергеевич,муж.,1974,2019,Вычислительный центр,Главный инженер,42078,19
515,Иванова Анна Александровна,жен.,1989,2021,Отдел организации труда,Начальник,57160,25
459,Петров Семен Викторович,муж.,1984,2022,Вычислительный центр,Менеджер,47881,21
700,Иванова Лариса Александровна,жен.,1987,2017,Отдел охраны труда,Заместитель директора,42906,24
94,Макеев Николай Львович,муж.,1991,2020,Склады готовой продукции и материалов,Начальник,28842,2
554,Ямщикова Светлана Викторовна,жен.,1967,2017,Отдел охраны труда,Начальник,46035,19
1073,Петров Андрей Дмитриевич,муж.,1987,2020,Служба делопроизводства,Руководитель,39254,22
1116,Макеева Светлана Андреевна,жен.,1978,2017,Отдел организации труда,Менеджер,53342,22
284,Воробьев Андрей Викторович,муж.,1980,2016,Отдел организации труда,Инженер,34175,28
1217,Викторова Ольга Владимировна,жен.,1989,2018,Юридическая служба,Заместитель директора,47486,30
598,Степанов Максим Александрович,муж.,1991,2021,Отдел внешнеэкономических связей,Инженер,21881,19
735,Сатдинова Анна Владимировна,жен.,1988,2019,Отдел охраны труда,Инженер,37720,28
976,Романов Семен Львович,муж.,1977,2021,Вычислительный центр,Инженер,20960,15
449,Сатдинова Татьяна Ивановна,жен.,1986,2020,Канцелярия,Руководитель,49005,16
1384,Иванов Максим Николаевич,муж.,1977,2020,Отдел организации труда,Главный инженер,45948,14
999,Ямщикова Анна Григорьевна,жен.,1984,2016,Служба упревления персоналом,Офис-менержер,61492,1
557,Лукин Максим Петрович,муж.,1972,2021,Секретариат,Начальник,25421,6
234,Сатдинова Лариса Викторовна,жен.,1967,2017,Отдел кадров,Инженер,27214,14
776,Воронцов Никита Дмитриевич,муж.,1998,2016,Служба безопасности,Главный инженер,44517,28
356,Николаева Елизовета Николаевна,жен.,1977,2016,Бухгалтерия,Директор,60408,17
386,Лукин Григорий Сергеевич,муж.,1972,2019,Служба стандартизации,Начальник,42864,26
49,Иванова Анна Александровна,жен.,1967,2017,Бухгалтерия,Секретарь,47593,23
997,Петров Николай Александрович,муж.,1973,2015,Служба управления персоналом,Офис-менержер,54525,1
1409,Смирнова Ольга Сергеевна,жен.,1970,2022,Служба безопасности,Менеджер,28860,10
1261,Романов Семен Никитич,муж.,1982,2019,Служба управления персоналом,Секретарь,63074,14
900,Сатдинова Анастасия Григорьевна,жен.,1976,2019,Служба безопасности,Инженер,48259,15
363,Степанов Никита Викторович,муж.,1995,2015,Служба управления персоналом,Директор,47070,11
968,Николаева Анна Ивановна,жен.,1975,2020,Служба делопроизводства,Руководитель,61553,16
1145,Иванов Григорий Андреевич,муж.,1993,2019,Финансовое подразделение,Секретарь,25424,4
773,Смирнова Ольга Николаевна,жен.,1988,2018,Служба безопасности,Секретарь,51430,22
577,Петров Григорий Дмитриевич,муж.,1979,2018,Отдел внешнеэкономических связей,Заместитель директора,26224,5
191,Ямщикова Лариса Сергеевна,жен.,1984,2018,Служба делопроизводства,Заместитель директора,34355,25
1276,Макеев Степан Петрович,муж.,1987,2017,Планово-экономический отдел,Начальник,51746,11
878,Смирнова Алена Андреевна,жен.,1984,2015,Служба упревления персоналом,Секретарь,24941,28
1435,Иванов Никита Львович,муж.,1993,2015,Склады готовой продукции и материалов,Главный инженер,37004,22
1226,Ямщикова Светлана Петровна,жен.,1996,2021,Служба управления персоналом,Офис-менержер,48636,23
73,Степанов Семен Викторович,муж.,1973,2019,Служба управления персоналом,Секретарь,38037,26
568,Кольцова Анна Сергеевна,жен.,1973,2017,Бухгалтерия,Менеджер,56620,3
38,Викторов Петр Дмитриевич,муж.,1998,2019,Склады готовой продукции и материалов,Директор,22625,17
1219,Петрова Елизовета Владимировна,жен.,1995,2019,Канцелярия,Менеджер,24362,14
523,Воронцов Семен Николаевич,муж.,1993,2022,Служба безопасности,Секретарь,35917,11
892,Викторова Лариса Петровна,жен.,1998,2018,Отдел кадров,Заместитель директора,48796,13
1114,Макеев Александр Дмитриевич,муж.,1992,2019,Юридическая служба,Заместитель директора,38579,8
682,Викторова Анастасия Петровна,жен.,1997,2017,Секретариат,Менеджер,54325,9
432,Воробьев Андрей Викторович,муж.,1995,2022,Служба стандартизации,Руководитель,61139,26
186,Воронцова Лариса Александровна,жен.,1994,2021,Секретариат,Директор,50396,29
37,Викторов Сергей Андреевич,муж.,1980,2018,Бухгалтерия,Директор,42331,12
775,Воронцова Алена Викторовна,жен.,1981,2022,Отдел организации труда,Директор,56323,29
1362,Петров Николай Дмитриевич,муж.,1991,2015,Служба делопроизводства,Главный инженер,27206,22
926,Иванова Ольга Ивановна,жен.,1973,2018,Отдел охраны труда,Директор,22557,3
698,Петров Николай Денисович,муж.,1987,2016,Склады готовой продукции и материалов,Офис-менержер,54388,22
493,Николаева Юлия Данииловна,жен.,1974,2019,Канцелярия,Главный инженер,60275,8
654,Романов Петр Никитич,муж.,1969,2018,Вычислительный центр,Главный инженер,56710,27
66,Романова Анна Григорьевна,жен.,1993,2018,Юридическая служба,Заместитель директора,43270,19
1432,Степанов Николай Львович,муж.,1972,2020,Служба стандартизации,Начальник,62143,5
899,Кольцова Елизовета Петровна,жен.,1982,2015,Отдел охраны труда,Офис-менержер,52853,20
529,Воробьев Андрей Денисович,муж.,1970,2016,Вычислительный центр,Директор,43807,17
1181,Романова Елизовета Андреевна,жен.,1999,2022,Финансовое подразделение,Директор,38695,11
1445,Степанов Максим Андреевич,муж.,1972,2015,Служба делопроизводства,Офис-менержер,45725,21
587,Смирнова Лариса Данииловна,жен.,1972,2022,Планово-экономический отдел,Менеджер,34093,13
693,Романов Сергей Дмитриевич,муж.,1992,2019,Отдел внешнеэкономических связей,Директор,25026,1
943,Сатдинова Анастасия Викторовна,жен.,2000,2015,Служба упревления персоналом,Руководитель,48434,4
1204,Воробьев Александр Александрович,муж.,1967,2019,Бухгалтерия,Руководитель,55602,28
829,Сатдинова Анастасия Сергеевна,жен.,1993,2017,Служба безопасности,Заместитель директора,36638,3
1423,Воронцов Степан Андреевич,муж.,2000,2021,Служба стандартизации,Офис-менержер,24857,20
1031,Романова Анна Николаевна,жен.,1980,2020,Бухгалтерия,Руководитель,30589,28
1326,Воронцов Петр Николаевич,муж.,1981,2019,Финансовое подразделение,Секретарь,61986,13
1301,Кольцова Татьяна Николаевна,жен.,1987,2020,Отдел организации труда,Главный инженер,31008,15
192,Смирнов Григорий Львович,муж.,1978,2017,Секретариат,Секретарь,22036,19
500,Кольцова Дарья Андреевна,жен.,1974,2020,Служба делопроизводства,Офис-менержер,64582,28
322,Степанов Максим Викторович,муж.,1989,2015,Канцелярия,Менеджер,47101,29
349,Макеева Анна Данииловна,жен.,1971,2019,Служба делопроизводства,Инженер,63899,10
1085,Иванов Данил Александрович,муж.,1971,2017,Планово-экономический отдел,Начальник,58656,13
1379,Воронцова Алена Николаевна,жен.,1972,2020,Склады готовой продукции и материалов,Офис-менержер,48235,29
1414,Викторов Никита Николаевич,муж.,1996,2017,Служба безопасности,Главный инженер,53106,17
1060,Иванова Анна Александровна,жен.,1991,2016,Служба упревления персоналом,Офис-менержер,63202,17
1464,Макеев Никита Владимирович,муж.,1977,2015,Отдел охраны труда,Секретарь,63321,4
216,Макеева Лариса Владимировна,жен.,1979,2020,Отдел охраны труда,Руководитель,22699,17
33,Лукин Семен Викторович,муж.,1977,2020,Финансовое подразделение,Офис-менержер,32284,28
1072,Викторова Елизовета Николаевна,жен.,1992,2015,Отдел внешнеэкономических связей,Менеджер,27620,8
787,Макеев Александр Николаевич,муж.,1980,2022,Отдел организации труда,Офис-менержер,31308,16
35,Иванова Анастасия Владимировна,жен.,1999,2021,Склады готовой продукции и материалов,Директор,33258,1
122,Воробьев Александр Николаевич,муж.,1984,2015,Служба управления персоналом,Офис-менержер,20263,1
1013,Николаева Юлия Александровна,жен.,1990,2015,Склады готовой продукции и материалов,Директор,37670,14
448,Смирнов Александр Владимирович,муж.,1999,2017,Служба стандартизации,Начальник,63266,20
759,Кольцова Маргарита Ивановна,жен.,1989,2019,Отдел организации труда,Заместитель директора,56887,26
457,Воронцов Петр Львович,муж.,1990,2022,Планово-экономический отдел,Менеджер,56754,27
1025,Кольцова Анна Олеговна,жен.,1985,2021,Отдел внешнеэкономических связей,Менеджер,58564,7
1471,Степанов Петр Петрович,муж.,1980,2019,Склады готовой продукции и материалов,Инженер,53013,29
63,Макеева Ольга Викторовна,жен.,1977,2018,Служба упревления персоналом,Секретарь,33373,1
168,Иванов Семен Львович,муж.,1968,2020,Служба безопасности,Заместитель директора,59336,25
673,Иванова Светлана Викторовна,жен.,1994,2020,Отдел охраны труда,Заместитель директора,24434,24
732,Воробьев Степан Денисович,муж.,1994,2017,Склады готовой продукции и материалов,Начальник,49427,6
161,Воронцова Елизовета Андреевна,жен.,1979,2022,Секретариат,Инженер,49945,21
919,Лукин Александр Сергеевич,муж.,1985,2021,Канцелярия,Инженер,64951,26
93,Кольцова Дарья Александровна,жен.,1990,2017,Вычислительный центр,Главный инженер,23643,7
606,Иванов Александр Денисович,муж.,1991,2020,Склады готовой продукции и материалов,Менеджер,59095,7
1074,Кольцова Ольга Андреевна,жен.,1977,2019,Бухгалтерия,Заместитель директора,54412,8
1373,Лукин Семен Сергеевич,муж.,1979,2021,Отдел охраны труда,Инженер,31965,2
585,Макеева Анна Петровна,жен.,1976,2018,Отдел организации труда,Менеджер,35177,20
932,Петров Сергей Николаевич,муж.,1992,2016,Отдел кадров,Руководитель,34412,3
1235,Петрова Светлана Данииловна,жен.,1974,2015,Служба делопроизводства,Офис-менержер,31226,27
286,Викторов Андрей Владимирович,муж.,1987,2021,Отдел внешнеэкономических связей,Секретарь,60180,16
127,Воронцова Алена Викторовна,жен.,1997,2022,Служба делопроизводства,Главный инженер,57804,9
769,Макеев Данил Александрович,муж.,1988,2019,Служба безопасности,Менеджер,50239,24
1045,Смирнова Татьяна Николаевна,жен.,1978,2020,Отдел кадров,Директор,22814,18
31,Степанов Семен Викторович,муж.,1968,2019,Планово-экономический отдел,Инженер,54842,13
662,Макеева Ольга Данииловна,жен.,1971,2017,Служба безопасности,Заместитель директора,22396,14
870,Смирнов Никита Петрович,муж.,1995,2020,Канцелярия,Главный инженер,42557,12
243,Романова Ольга Викторовна,жен.,1986,2019,Бухгалтерия,Менеджер,50679,30
224,Романов Петр Владимирович,муж.,1974,2021,Служба безопасности,Директор,50792,8
936,Воронцова Дарья Данииловна,жен.,1976,2017,Служба стандартизации,Инженер,44892,10
47,Лукин Никита Александрович,муж.,1968,2017,Служба управления персоналом,Главный инженер,47256,5
1084,Петрова Алена Александровна,жен.,1987,2015,Склады готовой продукции и материалов,Заместитель директора,64277,13
1020,Воронцов Николай Дмитриевич,муж.,1983,2018,Бухгалтерия,Офис-менержер,62173,8
132,Сатдинова Елизовета Петровна,жен.,1988,2017,Отдел кадров,Инженер,34210,23
8,Романов Александр Петрович,муж.,1975,2022,Отдел внешнеэкономических связей,Заместитель директора,20868,1
725,Сатдинова Светлана Петровна,жен.,1974,2020,Канцелярия,Инженер,59375,19
193,Воронцов Григорий Андреевич,муж.,1968,2018,Юридическая служба,Заместитель директора,59416,5
973,Воронцова Маргарита Викторовна,жен.,1983,2017,Отдел внешнеэкономических связей,Заместитель директора,30000,15
563,Смирнов Максим Петрович,муж.,1968,2021,Служба стандартизации,Инженер,57155,16
189,Романова Алена Викторовна,жен.,1967,2018,Служба управления персоналом,Заместитель директора,37623,2
482,Воробьев Семен Владимирович,муж.,1994,2017,Отдел внешнеэкономических связей,Руководитель,45573,2
1175,Макеева Светлана Андреевна,жен.,1978,2015,Отдел охраны труда,Секретарь,25164,19
620,Викторов Максим Николаевич,муж.,1977,2020,Склады готовой продукции и материалов,Офис-менержер,46243,21
1385,Воронцова Ольга Ивановна,жен.,1997,2016,Служба безопасности,Офис-менержер,52256,28
80,Воробьев Данил Андреевич,муж.,1990,2022,Секретариат,Инженер,35105,27
321,Макеева Маргарита Ивановна,жен.,1993,2018,Служба стандартизации,Главный инженер,60677,10
225,Смирнов Максим Никитич,муж.,1997,2017,Отдел кадров,Руководитель,56006,16
367,Петрова Дарья Викторовна,жен.,1990,2018,Отдел кадров,Секретарь,58528,13
1157,Лукин Степан Викторович,муж.,1985,2016,Финансовое подразделение,Офис-менержер,41983,11
591,Воронцова Анна Петровна,жен.,1992,2016,Служба делопроизводства,Директор,50979,15
1487,Романов Максим Петрович,муж.,1974,2015,Служба стандартизации,Заместитель директора,46074,29
239,Воронцова Дарья Сергеевна,жен.,1967,2020,Служба упревления персоналом,Секретарь,42964,30
450,Степанов Максим Андреевич,муж.,1986,2015,Отдел организации труда,Начальник,54584,20
1452,Воронцова Ольга Николаевна,жен.,1986,2017,Склады готовой продукции и материалов,Менеджер,48598,15
1264,Смирнов Семен Львович,муж.,1969,2020,Отдел организации труда,Руководитель,50754,5
292,Николаева Алена Данииловна,жен.,1984,2016,Отдел кадров,Инженер,20368,3
679,Романов Никита Андреевич,муж.,1976,2020,Служба управления персоналом,Директор,37463,9
319,Кольцова Маргарита Николаевна,жен.,1999,2019,Служба делопроизводства,Директор,34546,12
1096,Иванов Данил Сергеевич,муж.,1979,2015,Отдел охраны труда,Руководитель,23451,28
1103,Сатдинова Алена Данииловна,жен.,1970,2019,Вычислительный центр,Заместитель директора,28010,17
1319,Смирнов Степан Викторович,муж.,1967,2020,Отдел охраны труда,Офис-менержер,38898,15
1125,Николаева Татьяна Николаевна,жен.,1978,2022,Отдел кадров,Заместитель директора,28704,19
1483,Петров Степан Викторович,муж.,1995,2019,Отдел кадров,Офис-менержер,48773,4
1203,Романова Татьяна Николаевна,жен.,1987,2015,Финансовое подразделение,Директор,37124,3
1035,Степанов Степан Николаевич,муж.,2000,2017,Вычислительный центр,Руководитель,60904,11
723,Воронцова Лариса Викторовна,жен.,1996,2017,Финансовое подразделение,Руководитель,25913,29
1206,Воробьев Александр Николаевич,муж.,1986,2016,Служба безопасности,Руководитель,60707,13
911,Смирнова Алена Ивановна,жен.,1969,2017,Юридическая служба,Начальник,47533,29
984,Викторов Сергей Сергеевич,муж.,1985,2016,Служба стандартизации,Руководитель,61354,9
734,Романова Анастасия Андреевна,жен.,1994,2016,Склады готовой продукции и материалов,Начальник,41771,2
815,Викторов Николай Николаевич,муж.,1992,2019,Отдел внешнеэкономических связей,Инженер,35497,13
1151,Романова Елизовета Данииловна,жен.,1980,2019,Отдел организации труда,Заместитель директора,55449,14
1021,Макеев Семен Петрович,муж.,1985,2021,Служба упревления персоналом,Инженер,38848,27
158,Петрова Алена Андреевна,жен.,1976,2019,Служба безопасности,Директор,59084,9
1300,Смирнов Данил Денисович,муж.,1973,2015,Служба упревления персоналом,Директор,48601,12
439,Воронцова Маргарита Олеговна,жен.,1976,2016,Склады готовой продукции и материалов,Главный инженер,55787,28
763,Степанов Николай Петрович,муж.,1979,2017,Служба делопроизводства,Директор,27089,29
1136,Николаева Ольга Александровна,жен.,1995,2022,Отдел кадров,Офис-менержер,43709,22
255,Петров Максим Викторович,муж.,1990,2021,Планово-экономический отдел,Инженер,62089,12
1357,Викторова Юлия Александровна,жен.,1991,2020,Секретариат,Заместитель директора,38047,18
877,Иванов Петр Львович,муж.,1985,2022,Бухгалтерия,Руководитель,43310,19
28,Романова Ольга Николаевна,жен.,1971,2018,Отдел организации труда,Главный инженер,57297,26
686,Воронцов Григорий Александрович,муж.,1978,2021,Склады готовой продукции и материалов,Начальник,34281,30
761,Смирнова Ольга Викторовна,жен.,1986,2019,Отдел охраны труда,Офис-менержер,55598,11
373,Макеев Александр Сергеевич,муж.,1997,2018,Отдел кадров,Инженер,55399,9
484,Сатдинова Юлия Викторовна,жен.,1976,2017,Канцелярия,Заместитель директора,36200,28
995,Воробьев Николай Николаевич,муж.,1986,2020,Бухгалтерия,Менеджер,56017,16
1019,Смирнова Маргарита Ивановна,жен.,2000,2015,Служба управления персоналом,Руководитель,62898,14
1410,Романов Андрей Викторович,муж.,1990,2015,Отдел организации труда,Директор,31985,10
669,Кольцова Юлия Олеговна,жен.,1972,2019,Отдел охраны труда,Руководитель,63755,23
347,Воронцов Григорий Викторович,муж.,1975,2019,Служба упревления персоналом,Заместитель директора,64360,23
463,Макеева Лариса Сергеевна,жен.,1980,2018,Планово-экономический отдел,Менеджер,26570,24
807,Иванов Андрей Денисович,муж.,1989,2020,Служба стандартизации,Руководитель,28309,6
1222,Ямщикова Светлана Викторовна,жен.,1996,2018,Канцелярия,Менеджер,44610,14
1343,Смирнов Петр Денисович,муж.,1977,2022,Вычислительный центр,Менеджер,33600,5
718,Петрова Маргарита Ивановна,жен.,1978,2018,Секретариат,Менеджер,39204,14
